ST_Product_Name	PMS_Location	 EOT_Upside 
Apple Commercial	A01CSZ	0.054545969
Apple Commercial	A04CSZ	0.054545969
Apple Commercial	A4BSEC	0.054545969
Apple Commercial	A4CSEC	0.054545969
Apple Commercial	A51CSZ	0.054545969
Apple Commercial	A53CSZ	0.054545969
Apple Commercial	A5BSEC	0.054545969
Apple Commercial	A5FSEC	0.054545969
Apple Commercial	A5LSEC	0.054545969
Apple Commercial	A5SSEC	0.054545969
Apple Commercial	AB4SEC	0.054545969
Apple Commercial	AC4SEC	0.054545969
Apple Commercial	AP1CSZ	0.054545969
Apple Commercial	APBSEC	0.054545969
Apple Commercial	APC2CV	0.054545969
Apple Commercial	APCLCV	0.054545969
Apple Commercial	APCSEC	0.054545969
Apple Commercial	APPAGT	0.054545969
Apple Commercial	APPCAL	0.054545969
Apple Commercial	APPCCV	0.054545969
Apple Commercial	APPCLO	0.054545969
Apple Commercial	APPCSZ	0.054545969
Apple Commercial	APPLBS	0.054545969
Apple Commercial	APPLCV	0.054545969
Apple Commercial	APPOTH	0.054545969
Apple Commercial	APTXCV	0.054545969
Apple Commercial	AA2CSZ	0.054545969
Apple Commercial	AA4CSZ	0.054545969
Apple Commercial	AY6SEC	0.054545969
Apple Commercial	AY7SEC	0.054545969
Apple Commercial	AP1SEC	0.054545969
Apple Education	A4PSEC	0.091765193
Apple Education	AL2SEC	0.091765193
Apple Education	AL4SEC	0.091765193
Apple Education	AP2CSZ	0.091765193
Apple Education	AP2SEC	0.091765193
Apple Education	AP3SEC	0.091765193
Apple Education	APPLE2	0.091765193
Apple Education	APPLE4	0.091765193
Apple Education	APPLEC	0.091765193
Apple Education	APPSEC	0.091765193
Apple Education	NRDAPP	0.091765193
Apple Education	X4ASEC	0.091765193
Apple Education	XAPCSZ	0.091765193
Apple Education	XAPPL4	0.091765193
Apple Education	XAPPLE	0.091765193
Apple Education	XAPPPF	0.091765193
Apple Education	XAPSEC	0.091765193
Apple Education	X56CSZ	0.091765193
Apple Education	XQ8SEC	0.091765193
Apple Education	AP9CSZ	0.091765193
Bobcat Retail	CTBOBN	0.016541797
Bobcat Retail	CTBOBB	0.016541797
Bobcat Retail	CTDOON	0.016541797
Bobcat Retail	CTDOOB	0.016541797
Bobcat Retail	ICDSYN	0.016541797
Bobcat Retail	ICSSYN	0.016541797
Bobcat Retail	DOOSAN	0.016541797
Bobcat Retail	DOOSEC	0.016541797
Bobcat Retail	DOOSYN	0.016541797
Bobcat Retail	I18SEC	0.016541797
Bobcat Retail	I28SEC	0.016541797
Bobcat Retail	I38SEC	0.016541797
Bobcat Retail	I48SEC	0.016541797
Bobcat Retail	I68SEC	0.016541797
Bobcat Retail	IC6SEC	0.016541797
Bobcat Retail	IC8SEC	0.016541797
Bobcat Retail	IH8SEC	0.016541797
Bobcat Retail	IN8SEC	0.016541797
Bobcat Retail	INRCSZ	0.016541797
Bobcat Retail	IR1SEC	0.016541797
Bobcat Retail	IR2SEC	0.016541797
Bobcat Retail	IR6SEC	0.016541797
Bobcat Retail	IR7SEC	0.016541797
Bobcat Retail	IR8SEC	0.016541797
Bobcat Retail	IRAIRD	0.016541797
Bobcat Retail	IRAIRS	0.016541797
Bobcat Retail	IRAISY	0.016541797
Bobcat Retail	IRASEC	0.016541797
Bobcat Retail	IRASYN	0.016541797
Bobcat Retail	IRBOBC	0.016541797
Bobcat Retail	IRBOBS	0.016541797
Bobcat Retail	IRBSEC	0.016541797
Bobcat Retail	IRBSSY	0.016541797
Bobcat Retail	IRBSYN	0.016541797
Bobcat Retail	IRCLUB	0.016541797
Bobcat Retail	IRCOND	0.016541797
Bobcat Retail	IRCONS	0.016541797
Bobcat Retail	IRCOSY	0.016541797
Bobcat Retail	IRCSEC	0.016541797
Bobcat Retail	IRCSYN	0.016541797
Bobcat Retail	IRENGY	0.016541797
Bobcat Retail	IRHSEC	0.016541797
Bobcat Retail	IRHUSS	0.016541797
Bobcat Retail	IRISYN	0.016541797
Bobcat Retail	IRKING	0.016541797
Bobcat Retail	IRKSEC	0.016541797
Bobcat Retail	IRNSEC	0.016541797
Bobcat Retail	IROSEC	0.016541797
Bobcat Retail	IROTHR	0.016541797
Bobcat Retail	IROTSY	0.016541797
Bobcat Retail	IRPROD	0.016541797
Bobcat Retail	IRPROS	0.016541797
Bobcat Retail	IRQSEC	0.016541797
Bobcat Retail	IRSFTY	0.016541797
Bobcat Retail	IS7SEC	0.016541797
Bobcat Retail	IS8SEC	0.016541797
Bobcat Retail	SYNDOO	0.016541797
Bobcat Retail	I55CSZ	0.016541797
Bobcat Retail	IC6CSZ	0.016541797
Bobcat Retail	I56CSZ	0.016541797
Bobcat Retail	IR6CSZ	0.016541797
Bobcat Retail	I57CSZ	0.016541797
Bobcat Retail	IRACSZ	0.016541797
Bobcat Retail	I58CSZ	0.016541797
Bobcat Retail	IRBCSZ	0.016541797
Bobcat Retail	I59CSZ	0.016541797
Bobcat Retail	IRCCSZ	0.016541797
Bobcat Retail	I60CSZ	0.016541797
Bobcat Retail	IRNCSZ	0.016541797
Bobcat Retail	I61CSZ	0.016541797
Bobcat Retail	IROCSZ	0.016541797
Bobcat Retail	DO1SEC	0.016541797
Bobcat Retail	IR3SEC	0.016541797
Bobcat Retail	IRXSEC	0.016541797
Bobcat Retail	IRZSEC	0.016541797
Bobcat Retail	DC3SEC	0.016541797
Bobcat Retail	I10SEC	0.016541797
Bobcat Retail	I11SEC	0.016541797
Bobcat Retail	I12SEC	0.016541797
Bobcat Retail	IC3SEC	0.016541797
Bobcat Retail	IC5SEC	0.016541797
Bobcat Retail	IC9SEC	0.016541797
Bobcat Retail	ICASEC	0.016541797
Bobcat Retail	ICBSEC	0.016541797
Bobcat Retail	ICCSEC	0.016541797
Bobcat Retail	ICDSEC	0.016541797
Bobcat Retail	DOODLR	0.016541797
Bobcat Retail	DY4SEC	0.016541797
Bobcat Retail	DY5SEC	0.016541797
Bobcat Retail	IQ4SEC	0.016541797
Bobcat Retail	IU1SEC	0.016541797
Bobcat Retail	IU2SEC	0.016541797
Bobcat Retail	IU3SEC	0.016541797
Bobcat Retail	IU5SEC	0.016541797
Bobcat Retail	IU6SEC	0.016541797
Bobcat Retail	IY7SEC	0.016541797
Bobcat Retail	IY8SEC	0.016541797
Bobcat Retail	IY9SEC	0.016541797
Bobcat Retail	IRBBSY	0.016541797
Bobcat Retail	IRKNSY	0.016541797
Bobcat Retail	Bobcat	0.016541797
Bobcat Retail	CVBOBB	0.016541797
Bobcat Retail	CVCLBB	0.016541797
Bobcat Retail	CVOTHB	0.016541797
Bobcat Retail	CVBOBN	0.016541797
Bobcat Retail	CVBOBP	0.016541797
Bobcat Retail	CVCLBN	0.016541797
Bobcat Retail	CVCLBP	0.016541797
Bobcat Retail	CVOTHN	0.016541797
Bobcat Retail	CVOTHP	0.016541797
Bobcat Retail	CVCCBB	0.016541797
Bobcat Retail	CVCCBP	0.016541797
Bobcat Retail	CVCCNB	0.016541797
Bobcat Retail	D1OSEC	0.016541797
Bobcat Retail	CTBSEC	0.016541797
Bobcat Retail	CTDSEC	0.016541797
Construction	CTCNCN	0.011424212
Construction	CTCNEN	0.011424212
Construction	CTCNWN	0.011424212
Construction	CTCSCN	0.011424212
Construction	CTCSEN	0.011424212
Construction	CHICGB	0.011424212
Construction	CNVBUY	0.011424212
Construction	CNVMWB	0.011424212
Construction	CNVNEB	0.011424212
Construction	CNVNWB	0.011424212
Construction	CNVSCB	0.011424212
Construction	CNVSEB	0.011424212
Construction	CONCVB	0.011424212
Construction	CNVMWP	0.011424212
Construction	CNVNEP	0.011424212
Construction	CNVNWN	0.011424212
Construction	CNVNWP	0.011424212
Construction	CNVSCP	0.011424212
Construction	CNVSEN	0.011424212
Construction	CNVSEP	0.011424212
Construction	CONCVP	0.011424212
Construction	DFSCLN	0.011424212
Construction	DFSCLB	0.011424212
Construction	DFSNI2	0.011424212
Construction	CITBUY	0.011424212
Construction	CTCNCB	0.011424212
Construction	CTCNEB	0.011424212
Construction	CTCNWB	0.011424212
Construction	CTMHON	0.012145749
Construction	PRTORC	0.011933002
Construction	PRTCNB	0.011933002
Construction	CHMPIC	0.011424212
Construction	CNSSYN	0.011424212
Construction	JCBSYN	0.011424212
Construction	LEESYN	0.011424212
Construction	WIRSYN	0.011424212
Construction	ASTEC	0.011424212
Construction	CEFREF	0.011424212
Construction	CHMPIF	0.011424212
Construction	CLARK	0.011424212
Construction	CMCREG	0.011424212
Construction	CNNSEC	0.011424212
Construction	CNQSEC	0.011424212
Construction	CNRSEC	0.011424212
Construction	CNSSEC	0.011424212
Construction	CNSTMW	0.011424212
Construction	CNSTNE	0.011424212
Construction	CNSTRC	0.011424212
Construction	CNSTRN	0.011424212
Construction	CNSTSE	0.011424212
Construction	CNSTSW	0.011424212
Construction	CONCSZ	0.011424212
Construction	CONSEC	0.011424212
Construction	CONSYN	0.011424212
Construction	CRANES	0.011424212
Construction	CRASEC	0.011424212
Construction	DAEWOO	0.011424212
Construction	DAQSEC	0.011424212
Construction	DRESEC	0.011424212
Construction	DREXEL	0.011424212
Construction	GDBANK	0.011424212
Construction	GENCSZ	0.011424212
Construction	HYNSEC	0.011424212
Construction	HYNSYN	0.011424212
Construction	HYUSYN	0.011424212
Construction	INVFIN	0.011424212
Construction	INVFIN	0.011424212
Construction	KMATSU	0.011424212
Construction	KRYSTL	0.011424212
Construction	LEEBOY	0.011424212
Construction	LEESEC	0.011424212
Construction	LIEBHR	0.011424212
Construction	MANTOU	0.011424212
Construction	MITSUI	0.011424212
Construction	OWNROP	0.011424212
Construction	PFCMC	0.011424212
Construction	PMPSEC	0.011424212
Construction	PUMPER	0.011424212
Construction	RETDFS	0.011424212
Construction	SHRDTC	0.011424212
Construction	SOTHER	0.011424212
Construction	STNOTH	0.011424212
Construction	STONE	0.011424212
Construction	STONSY	0.011424212
Construction	STOSYN	0.011424212
Construction	TRKNEC	0.011424212
Construction	TRKNEW	0.011424212
Construction	TRKSEC	0.011424212
Construction	UNIREN	0.011424212
Construction	WIRSEC	0.011424212
Construction	WNPSEC	0.011424212
Construction	C59CSZ	0.011424212
Construction	CO1CSZ	0.011424212
Construction	C12SEC	0.011424212
Construction	DC1SEC	0.011424212
Construction	KC2SEC	0.011424212
Construction	LC1SEC	0.011424212
Construction	SCESEC	0.011424212
Construction	AY8SEC	0.011424212
Construction	C80SEC	0.011424212
Construction	CU2SEC	0.011424212
Construction	CU7SEC	0.011424212
Construction	CY6SEC	0.011424212
Construction	DY1SEC	0.011424212
Construction	KY4SEC	0.011424212
Construction	LY7SEC	0.011424212
Construction	SY6SEC	0.011424212
Construction	TY9SEC	0.011424212
Construction	CEFRSY	0.011424212
Construction	CSTNSY	0.011424212
Construction	DAEWSY	0.011424212
Construction	SHRTSY	0.011424212
Construction	TLSEC	0.011933002
Construction	TO2CSZ	0.011933002
Construction	TT7SEC	0.011933002
Construction	CNSTMA	0.011933002
Construction	CNSTPC	0.011933002
Construction	CN1SEC	0.011933002
Construction	C21SEC	0.011933002
Construction	CU5SEC	0.011933002
Construction	CU6SEC	0.011933002
Construction	GENIE	0.011933002
Construction	GENSEC	0.00426246
Construction	GENICV	0.00426246
Construction	GMEXCV	0.00426246
Construction	HUSKY	0.011933002
Construction	HUQSEC	0.011933002
Construction	HUSQVR	0.011933002
Construction	HC2SEC	0.011933002
Construction	HC3SEC	0.011933002
Construction	HCASEC	0.011933002
Construction	CONDLR	0.011933002
Construction	HYNDAI	0.011933002
Construction	INDUS	0.011933002
Construction	JCBCON	0.011933002
Construction	KAWASA	0.011933002
Construction	SAKAI	0.011933002
Construction	SAKSEC	0.011933002
Construction	WIRTGN	0.011933002
Construction	HY1SEC	0.011933002
Construction	IN1SEC	0.011933002
Construction	C22SEC	0.011933002
Construction	HC5SEC	0.011933002
Construction	IC2SEC	0.011933002
Construction	JC1SEC	0.011933002
Construction	SC1SEC	0.011933002
Construction	WC3SEC	0.011933002
Construction	CU9SEC	0.011933002
Construction	HY6SEC	0.011933002
Construction	IY6SEC	0.011933002
Construction	JY1SEC	0.011933002
Construction	SY1SEC	0.011933002
Construction	WY2SEC	0.011933002
Construction	INDUSY	0.011933002
Construction	WRTGSY	0.011933002
Construction	CNIF	0.011424212
Construction	CNIFNN	0.011424212
Construction	CONINF	0.011424212
Construction	JLGIND	0.011424212
Construction	JLGSEC	0.011424212
Construction	JLGSYN	0.011424212
Construction	SYNJLG	0.011424212
Construction	JL1SEC	0.011424212
Construction	JC2SEC	0.011424212
Construction	JY2SEC	0.011424212
Construction	JLGSND	0.011424212
Construction	JGASEC	0.011424212
Construction	JGCSEC	0.011424212
Construction	JGGSEC	0.011424212
Construction	JGLSEC	0.011424212
Construction	JGNSEC	0.011424212
Construction	JGSSEC	0.011424212
Construction	JLGALC	0.011424212
Construction	JLGALT	0.011424212
Construction	JLGASC	0.011424212
Construction	JLGAST	0.011424212
Construction	JLGNLC	0.011424212
Construction	JLGNLT	0.011424212
Construction	JLGNSC	0.011424212
Construction	JLGNST	0.011424212
Construction	JLGNSY	0.011424212
Construction	JY3SEC	0.011424212
Construction	JLGCSZ	0.011424212
Construction	CTMHN	0.00426246
Construction	CTMHB	0.00426246
Construction	XSVED	0.011933002
Construction	TUYSEC	0.044616105
Construction	TXCSYN	0.00426246
Construction	TXISYN	0.00426246
Construction	TXMSYN	0.00426246
Construction	TXRSYN	0.00426246
Construction	TXTSYN	0.00426246
Construction	R5FSEC	0.00426246
Construction	R5USEC	0.00426246
Construction	R5XSEC	0.00426246
Construction	T18SEC	0.00426246
Construction	T38SEC	0.00426246
Construction	T48SEC	0.00426246
Construction	T58SEC	0.00426246
Construction	T5BSEC	0.00426246
Construction	T5PSEC	0.00426246
Construction	T5QSEC	0.00426246
Construction	T5WSEC	0.00426246
Construction	T68SEC	0.00426246
Construction	T6CSEC	0.00426246
Construction	T6RSEC	0.00426246
Construction	T6XSEC	0.00426246
Construction	T78SEC	0.00426246
Construction	TA7SEC	0.00426246
Construction	TB7SEC	0.00426246
Construction	TB8SEC	0.00426246
Construction	TC7SEC	0.00426246
Construction	TC8SEC	0.00426246
Construction	TCRSYN	0.00426246
Construction	TD7SEC	0.00426246
Construction	TERASY	0.00426246
Construction	TERCSY	0.00426246
Construction	TERCSZ	0.00426246
Construction	TEREX	0.00426246
Construction	TERSYN	0.00426246
Construction	TF7SEC	0.00426246
Construction	TF8SEC	0.00426246
Construction	TH7SEC	0.00426246
Construction	TJ8SEC	0.00426246
Construction	TM8SEC	0.00426246
Construction	TO7SEC	0.00426246
Construction	TR6SEC	0.00426246
Construction	TRCNSY	0.00426246
Construction	TRCRSY	0.00426246
Construction	TRCUSY	0.00426246
Construction	TRFSEC	0.00426246
Construction	TRHSEC	0.00426246
Construction	TRXASY	0.00426246
Construction	TRXAWP	0.00426246
Construction	TRXCDR	0.00426246
Construction	TRXCMI	0.00426246
Construction	TRXCON	0.00426246
Construction	TRXCRN	0.00426246
Construction	TRXCRU	0.00426246
Construction	TRXCSY	0.00426246
Construction	TRXFCH	0.00426246
Construction	TRXINF	0.00426246
Construction	TRXLIT	0.00426246
Construction	TRXMIN	0.00426246
Construction	TRXMIX	0.00426246
Construction	TRXNI	0.00426246
Construction	TRXREC	0.00426246
Construction	TRXSYN	0.00426246
Construction	TRXTEL	0.00426246
Construction	TT6SEC	0.00426246
Construction	TU7SEC	0.00426246
Construction	TU8SEC	0.00426246
Construction	TV8SEC	0.00426246
Construction	TX7SEC	0.00426246
Construction	TX8SEC	0.00426246
Construction	TZ8SEC	0.00426246
Construction	X5WSEC	0.00426246
Construction	R52CSZ	0.00426246
Construction	R5UCSZ	0.00426246
Construction	R53CSZ	0.00426246
Construction	R5XCSZ	0.00426246
Construction	A76CSZ	0.00426246
Construction	T5QCSZ	0.00426246
Construction	T57CSZ	0.00426246
Construction	A79CSZ	0.00426246
Construction	T5WCSZ	0.00426246
Construction	T6WCSZ	0.00426246
Construction	A82CSZ	0.00426246
Construction	T6RCSZ	0.00426246
Construction	T61CSZ	0.00426246
Construction	A84CSZ	0.00426246
Construction	T6XCSZ	0.00426246
Construction	T7XCSZ	0.00426246
Construction	T69CSZ	0.00426246
Construction	TR6CSZ	0.00426246
Construction	T73CSZ	0.00426246
Construction	TT6CSZ	0.00426246
Construction	P85CSZ	0.00426246
Construction	T82CSZ	0.00426246
Construction	T89CSZ	0.00426246
Construction	T93CSZ	0.00426246
Construction	TR1SEC	0.00426246
Construction	X81CSZ	0.00426246
Construction	T10SEC	0.00426246
Construction	T11SEC	0.00426246
Construction	T12SEC	0.00426246
Construction	T13SEC	0.00426246
Construction	T14SEC	0.00426246
Construction	T15SEC	0.00426246
Construction	TC9SEC	0.00426246
Construction	TCKSEC	0.00426246
Construction	TCLSEC	0.00426246
Construction	TU1SEC	0.00426246
Construction	TU2SEC	0.00426246
Construction	TU3SEC	0.00426246
Construction	TU5SEC	0.00426246
Construction	TU6SEC	0.00426246
Construction	TERXSY	0.00426246
Construction	TEXRSY	0.00426246
Construction	DIGE	0.011933002
Construction	TV7SEC	0.011424212
Construction	V6MSEC	0.011424212
Construction	V6RSEC	0.011424212
Construction	VE8SEC	0.011424212
Construction	VERCSZ	0.011424212
Construction	VERSYN	0.011424212
Construction	VM8SEC	0.011424212
Construction	VRMEER	0.011424212
Construction	VRMOTH	0.011424212
Construction	VRMSEC	0.011424212
Construction	VRMSYN	0.011424212
Construction	V50CSZ	0.011424212
Construction	V6MCSZ	0.011424212
Construction	V51CSZ	0.011424212
Construction	V6RCSZ	0.011424212
Construction	VR1SEC	0.011424212
Construction	VC2SEC	0.011424212
Construction	VC3SEC	0.011424212
Construction	VY8SEC	0.011424212
Construction	VY9SEC	0.011424212
Construction	VERMSY	0.011424212
Construction	VEROSY	0.011424212
Construction	RDPLOY	0.011424212
Construction	G6NSEC	0.011933002
Construction	GCVSEC	0.011933002
Construction	GE4SEC	0.011933002
Construction	GEISEC	0.011933002
Construction	GN4SEC	0.011933002
Construction	G56CSZ	0.011933002
Construction	G86CSZ	0.011933002
Construction	Club Car	0
Construction	DitchWitch	0.011424212
Construction	MCFA	0.00426246
Construction	Ritchie Bros	0.011424212
Construction	IR-Small Const	0.011424212
Construction	SmallCE	0.011424212
Construction	T7WCSZ	0.00426246
Construction	CTCSEB	0.011424212
Construction	CVMHB	0.00426246
Construction	CNVRUF	0.011933002
Construction	HITSYN	0.00426246
Construction	CSCNST	0.011424212
Construction	KEYSYN	0.00426246
Construction	CVMHN	0.00426246
Construction	CVMHP	0.00426246
Construction	CTCRDP	0.011424212
Construction	CVFFMB	0.00426246
Construction	CVFFMP	0.00426246
Construction	CVFFMN	0.00426246
Construction	CVFFUB	0.00426246
Construction	CVFFUN	0.00426246
Construction	Hitachi	0
Construction	Hitachi	0
Construction	I48CSZ	0.011933002
Construction	VC2CSZ	0.011424212
Construction	CTCSEC	0.011424212
Dell	DFSN	0.035251517
Dell	DFSB	0.035251517
Dell	DFSP	0.035251517
Dell	DFSCN	0.035251517
Dell	DFSCB	0.035251517
Dell	DFSCP	0.035251517
Dell	DFSNAN	0.035251517
Dell	DFSNAB	0.035251517
Dell	DFSNAP	0.035251517
Dell	DFSNCN	0.035251517
Dell	DFSNCB	0.035251517
Dell	DFSNCP	0.035251517
Energy	CSENGY	0.013205696
Food	CSFOOD	0.019986222
Ford Con-way	CONWAY	0.005
Ford Retail	CTFORB	0.005902882
Ford Retail	CTFORN	0.005902882
Ford Retail	Ford	0.005902882
Ford Retail	CVFORB	0.005902882
Ford Retail	CVFORN	0.005902882
Ford Retail	CVFORP	0.005902882
Ford Retail	MONTROSE	0.005902882
Furniture	KNLLFD	0.017483976
Furniture	FRNDIR	0.017483976
Furniture	FRNSYN	0.017483976
Furniture	KIMBAL	0.017483976
Furniture	KIMBFD	0.017483976
Furniture	KIMCSZ	0.017483976
Furniture	KIMSYN	0.017483976
Furniture	KIQSEC	0.017483976
Furniture	KMBSEC	0.017483976
Furniture	KNOCSZ	0.017483976
Furniture	KNOLCV	0.017483976
Furniture	KNOLL	0.017483976
Furniture	KNOLSY	0.017483976
Furniture	SYNKNO	0.017483976
Furniture	XKIMB	0.017483976
Furniture	FR1SEC	0.017483976
Furniture	FC1SEC	0.017483976
Furniture	KC1SEC	0.017483976
Furniture	KC3SEC	0.017483976
Furniture	KY5SEC	0.017483976
Furniture	CSFURN	0.017483976
Global	G5BSEC	0.003840054
Global	G5CSEC	0.003840054
Global	G5GSEC	0.003840054
Global	GA4SEC	0.003840054
Global	GB4SEC	0.003840054
Global	GB8SEC	0.003840054
Global	GBLSEC	0.003840054
Global	GBSEC	0.003840054
Global	GFS	0.003840054
Global	GL7SEC	0.003840054
Global	GL8SEC	0.003840054
Global	GLBSEC	0.003840054
Global	GLOBAL	0.003840054
Global	GLOCSZ	0.003840054
Global	GLOSEC	0.003840054
Global	UMESEC	0.003840054
Global	USMEGA	0.003840054
Global	USXDCR	0.003840054
Global	XDLCR	0.003840054
Global	A20CSZ	0.003840054
Global	G50CSZ	0.003840054
Global	G81CSZ	0.003840054
Global	G83CSZ	0.003840054
Global	GL1SEC	0.003840054
Golf & Turf	TORSYN	0.004148691
Golf & Turf	T5GSEC	0.004148691
Golf & Turf	T5RSEC	0.004148691
Golf & Turf	T5YSEC	0.004148691
Golf & Turf	T98SEC	0.004148691
Golf & Turf	TL7SEC	0.004148691
Golf & Turf	TO4SEC	0.004148691
Golf & Turf	TO6SEC	0.004148691
Golf & Turf	TO8SEC	0.004148691
Golf & Turf	TOQSEC	0.004148691
Golf & Turf	TORALD	0.004148691
Golf & Turf	TORCSZ	0.004148691
Golf & Turf	TORLND	0.004148691
Golf & Turf	TORO	0.004148691
Golf & Turf	TORSEC	0.004148691
Golf & Turf	TORXMK	0.004148691
Golf & Turf	TR4SEC	0.004148691
Golf & Turf	TROSEC	0.004148691
Golf & Turf	T55CSZ	0.004148691
Golf & Turf	A77CSZ	0.004148691
Golf & Turf	T68CSZ	0.004148691
Golf & Turf	TO6CSZ	0.004148691
Golf & Turf	TC5SEC	0.004148691
Golf & Turf	TCZSEC	0.004148691
Golf & Turf	TY6SEC	0.004148691
Golf & Turf	TY7SEC	0.004148691
Golf & Turf	TOROSY	0.004148691
Golf & Turf	CSJAC	0.004148691
Golf & Turf	CVJACB	0.004148691
Golf & Turf	CVJACN	0.004148691
Golf & Turf	CVJACP	0.004148691
Golf & Turf	CSJSEC	0.004148691
Ikon	I5KSEC	0.0089
Ikon	IK1CSZ	0.0089
Ikon	IK4SEC	0.0089
Ikon	IKN	0.0089
Ikon	IKNSEC	0.0089
Ikon	IKOCSZ	0.0089
Ikon	IKON	0.0089
Ikon	IKONCP	0.0089
Ikon	IKONFD	0.0089
Ikon	IKONFS	0.0089
Ikon	IKONSD	0.0089
Ikon	IKOSEC	0.0089
Ikon	IKSEC	0.0089
Ikon	IN4SEC	0.0089
Ikon	IP4SEC	0.0089
Ikon	I80CSZ	0.0089
Ikon	A26CSZ	0.0089
Ikon	IKON	0.0089
KMBS Premier Finance	CP	0.005578947
KMBS Premier Finance	CP215	0.005578947
KMBS Premier Finance	CPC	0.005578947
KMBS Premier Finance	CRSYND	0.005578947
KMBS Premier Finance	CRSYND	0.005578947
KMBS Premier Finance	D0599A	0.005578947
KMBS Premier Finance	D1098A	0.005578947
KMBS Premier Finance	D1297A	0.005578947
KMBS Premier Finance	D4KSEC	0.005578947
KMBS Premier Finance	D5DSEC	0.005578947
KMBS Premier Finance	DANKA	0.005578947
KMBS Premier Finance	DANKRG	0.005578947
KMBS Premier Finance	DANKRG	0.005578947
KMBS Premier Finance	DK4SEC	0.005578947
KMBS Premier Finance	DK7SEC	0.005578947
KMBS Premier Finance	DK8SEC	0.005578947
KMBS Premier Finance	DNASEC	0.005578947
KMBS Premier Finance	DNCSEC	0.005578947
KMBS Premier Finance	DNKA	0.005578947
KMBS Premier Finance	DNKCSZ	0.005578947
KMBS Premier Finance	DNKFL	0.005578947
KMBS Premier Finance	DNKFLB	0.005578947
KMBS Premier Finance	DNKFLC	0.005578947
KMBS Premier Finance	DNKHOT	0.005578947
KMBS Premier Finance	DNKIL	0.005578947
KMBS Premier Finance	DNKILB	0.005578947
KMBS Premier Finance	DNKILC	0.005578947
KMBS Premier Finance	DNKMI	0.005578947
KMBS Premier Finance	DNKMIB	0.005578947
KMBS Premier Finance	DNKMIC	0.005578947
KMBS Premier Finance	DNKSE	0.005578947
KMBS Premier Finance	DNKSEB	0.005578947
KMBS Premier Finance	DNKSEC	0.005578947
KMBS Premier Finance	DNKSW	0.005578947
KMBS Premier Finance	DNKSWB	0.005578947
KMBS Premier Finance	DNKSWC	0.005578947
KMBS Premier Finance	DNKTN	0.005578947
KMBS Premier Finance	DNKTNB	0.005578947
KMBS Premier Finance	DNKTNC	0.005578947
KMBS Premier Finance	DNKTSH	0.005578947
KMBS Premier Finance	DNKTX	0.005578947
KMBS Premier Finance	DNKTXB	0.005578947
KMBS Premier Finance	DNKTXC	0.005578947
KMBS Premier Finance	DNTSEC	0.005578947
KMBS Premier Finance	DS8SEC	0.005578947
KMBS Premier Finance	DTHSEC	0.005578947
KMBS Premier Finance	IBM	0.005578947
KMBS Premier Finance	INDMOI	0.005578947
KMBS Premier Finance	K18SEC	0.005578947
KMBS Premier Finance	K24SEC	0.005578947
KMBS Premier Finance	K27SEC	0.005578947
KMBS Premier Finance	K2NSEC	0.005578947
KMBS Premier Finance	K2SSEC	0.005578947
KMBS Premier Finance	K2WSEC	0.005578947
KMBS Premier Finance	K38SEC	0.005578947
KMBS Premier Finance	K48SEC	0.005578947
KMBS Premier Finance	K4CSEC	0.005578947
KMBS Premier Finance	K4NSEC	0.005578947
KMBS Premier Finance	K4OSEC	0.005578947
KMBS Premier Finance	K4SSEC	0.005578947
KMBS Premier Finance	K58SEC	0.005578947
KMBS Premier Finance	K5ASEC	0.005578947
KMBS Premier Finance	K5CSEC	0.005578947
KMBS Premier Finance	K5DSEC	0.005578947
KMBS Premier Finance	K5ESEC	0.005578947
KMBS Premier Finance	K5TSEC	0.005578947
KMBS Premier Finance	K5VSEC	0.005578947
KMBS Premier Finance	K68SEC	0.005578947
KMBS Premier Finance	K6SSEC	0.005578947
KMBS Premier Finance	K6WSEC	0.005578947
KMBS Premier Finance	K78SEC	0.005578947
KMBS Premier Finance	KA10NC	0.005578947
KMBS Premier Finance	KA10NE	0.005578947
KMBS Premier Finance	KA10SC	0.005578947
KMBS Premier Finance	KA10SE	0.005578947
KMBS Premier Finance	KA10WE	0.005578947
KMBS Premier Finance	KA15NC	0.005578947
KMBS Premier Finance	KA15NE	0.005578947
KMBS Premier Finance	KA15SC	0.005578947
KMBS Premier Finance	KA15SE	0.005578947
KMBS Premier Finance	KA15WE	0.005578947
KMBS Premier Finance	KA20MA	0.005578947
KMBS Premier Finance	KA20NC	0.005578947
KMBS Premier Finance	KA20NE	0.005578947
KMBS Premier Finance	KA20SC	0.005578947
KMBS Premier Finance	KA20SE	0.005578947
KMBS Premier Finance	KA20WE	0.005578947
KMBS Premier Finance	KA2CSZ	0.005578947
KMBS Premier Finance	KA3CSZ	0.005578947
KMBS Premier Finance	KA4CSZ	0.005578947
KMBS Premier Finance	KA4SEC	0.005578947
KMBS Premier Finance	KA5CSZ	0.005578947
KMBS Premier Finance	KA6CSZ	0.005578947
KMBS Premier Finance	KA7SEC	0.005578947
KMBS Premier Finance	KAASEC	0.005578947
KMBS Premier Finance	KACSEC	0.005578947
KMBS Premier Finance	KAESEC	0.005578947
KMBS Premier Finance	KANSEC	0.005578947
KMBS Premier Finance	KASSEC	0.005578947
KMBS Premier Finance	KAWSEC	0.005578947
KMBS Premier Finance	KB8SEC	0.005578947
KMBS Premier Finance	KC4SEC	0.005578947
KMBS Premier Finance	KC8SEC	0.005578947
KMBS Premier Finance	KCNSEC	0.005578947
KMBS Premier Finance	KE4SEC	0.005578947
KMBS Premier Finance	KE7SEC	0.005578947
KMBS Premier Finance	KEEP	0.005578947
KMBS Premier Finance	KNCSEC	0.005578947
KMBS Premier Finance	KNESEC	0.005578947
KMBS Premier Finance	KNNSEC	0.005578947
KMBS Premier Finance	KNSEC	0.005578947
KMBS Premier Finance	KS4SEC	0.005578947
KMBS Premier Finance	KS7SEC	0.005578947
KMBS Premier Finance	KS8SEC	0.005578947
KMBS Premier Finance	KSCSEC	0.005578947
KMBS Premier Finance	KSESEC	0.005578947
KMBS Premier Finance	KSSEC	0.005578947
KMBS Premier Finance	KSSSEC	0.005578947
KMBS Premier Finance	KW4SEC	0.005578947
KMBS Premier Finance	KW7SEC	0.005578947
KMBS Premier Finance	KW8SEC	0.005578947
KMBS Premier Finance	KWESEC	0.005578947
KMBS Premier Finance	KWWSEC	0.005578947
KMBS Premier Finance	OIOTHR	0.005578947
KMBS Premier Finance	TSDSEC	0.005578947
KMBS Premier Finance	XD7SEC	0.005578947
KMBS Premier Finance	XDANKA	0.005578947
KMBS Premier Finance	XDNSEC	0.005578947
KMBS Premier Finance	A16CSZ	0.005578947
KMBS Premier Finance	D50CSZ	0.005578947
KMBS Premier Finance	K50CSZ	0.005578947
KMBS Premier Finance	A30CSZ	0.005578947
KMBS Premier Finance	K51CSZ	0.005578947
KMBS Premier Finance	A31CSZ	0.005578947
KMBS Premier Finance	K52CSZ	0.005578947
KMBS Premier Finance	A32CSZ	0.005578947
KMBS Premier Finance	K55CSZ	0.005578947
KMBS Premier Finance	A35CSZ	0.005578947
KMBS Premier Finance	K56CSZ	0.005578947
KMBS Premier Finance	A36CSZ	0.005578947
KMBS Premier Finance	X57CSZ	0.005578947
KMBS Premier Finance	XDNCSZ	0.005578947
KMBS Premier Finance	K81CSZ	0.005578947
KMBS Premier Finance	K89CSZ	0.005578947
KMBS Premier Finance	K90CSZ	0.005578947
KMBS Premier Finance	BS4SEC	0.005578947
KMBS Premier Finance	KFEDSY	0.005578947
KMBS Premier Finance	KONBCH	0.005578947
KMBS Premier Finance	KONCA9	0.005578947
KMBS Premier Finance	KONCSZ	0.005578947
KMBS Premier Finance	KONEST	0.005578947
KMBS Premier Finance	KONFED	0.005578947
KMBS Premier Finance	KONNAP	0.005578947
KMBS Premier Finance	KONNCV	0.005578947
KMBS Premier Finance	KONSEC	0.005578947
KMBS Premier Finance	KP6SEC	0.005578947
KMBS Premier Finance	M18SEC	0.005578947
KMBS Premier Finance	M6BSEC	0.005578947
KMBS Premier Finance	M6CSEC	0.005578947
KMBS Premier Finance	MBS	0.005578947
KMBS Premier Finance	MBSCSZ	0.005578947
KMBS Premier Finance	MBSEC	0.005578947
KMBS Premier Finance	MBSMJR	0.005578947
KMBS Premier Finance	MBSSEC	0.005578947
KMBS Premier Finance	MC2SEC	0.005578947
KMBS Premier Finance	MCC	0.005578947
KMBS Premier Finance	MCCCSZ	0.005578947
KMBS Premier Finance	MCCSEC	0.005578947
KMBS Premier Finance	MCSEC	0.005578947
KMBS Premier Finance	MINLT1	0.005578947
KMBS Premier Finance	MINLT2	0.005578947
KMBS Premier Finance	MJRSEC	0.005578947
KMBS Premier Finance	MM7SEC	0.005578947
KMBS Premier Finance	MOBSYN	0.005578947
KMBS Premier Finance	MS2SEC	0.005578947
KMBS Premier Finance	XKONCA	0.005578947
KMBS Premier Finance	K61CSZ	0.005578947
KMBS Premier Finance	KO1CSZ	0.005578947
KMBS Premier Finance	K63CSZ	0.005578947
KMBS Premier Finance	KP6CSZ	0.005578947
KMBS Premier Finance	M55CSZ	0.005578947
KMBS Premier Finance	A44CSZ	0.005578947
KMBS Premier Finance	M56CSZ	0.005578947
KMBS Premier Finance	A45CSZ	0.005578947
KMBS Premier Finance	M64CSZ	0.005578947
KMBS Premier Finance	KMPBCH	0.005578947
KMBS Premier Finance	KMPNAP	0.005578947
KMBS Premier Finance	KMPDLR	0.005578947
KMBS Premier Finance	K1WSEC	0.005578947
KMBS Premier Finance	DN1SEC	0.005578947
KMBS Premier Finance	KA5SEC	0.005578947
KMBS Premier Finance	KO2SEC	0.005578947
KMBS Premier Finance	KA9SEC	0.005578947
Kodak	ENCAD	0.013724897
Kodak	DIRCSZ	0.013724897
Kodak	EKCC	0.013724897
Kodak	EVNIMG	0.013724897
Kodak	GISCSZ	0.013724897
Kodak	HICSZ	0.013724897
Kodak	HSCSZ	0.013724897
Kodak	ICECSZ	0.013724897
Kodak	IMMCSZ	0.013724897
Kodak	IPCSZ	0.013724897
Kodak	KPCSZ	0.013724897
Kodak	KPGCSZ	0.013724897
Kodak	PICSZ	0.013724897
Kodak	C23SEC	0.013724897
Kodak	EKCCNI	0.013724897
Kodak	IFS	0.013724897
Kodak	CDI	0.013724897
Kodak	CI	0.013724897
Kodak	CISYN	0.013724897
Kodak	CVSSYN	0.013724897
Kodak	ECKSYN	0.013724897
Kodak	EKCSYN	0.013724897
Kodak	GENPRG	0.013724897
Kodak	GENPRG	0.013724897
Kodak	GRETAG	0.013724897
Kodak	INDMNI	0.013724897
Kodak	MPTV	0.013724897
Kodak	NORTSU	0.013724897
Kodak	PCTV	0.013724897
Kodak	PGOTH	0.013724897
Kodak	PGRAPH	0.013724897
Kodak	PSD	0.013724897
Kodak	RMGT	0.013724897
Kodak	ECOM	0.013724897
Kodak	INTE	0.013724897
Kodak	IP	0.013724897
Kodak	SNOMAX	0.013724897
Kodak	X2BIS	0.013724897
Kodak	XBIS	0.013724897
Kodak	EI	0.013724897
Kodak	BIOIMG	0.013724897
Kodak	CD	0.013724897
Kodak	HI	0.013724897
Kodak	HLTH	0.013724897
Kodak	HS	0.013724897
Kodak	ICEMAX	0.013724897
Kodak	IMMIS	0.013724897
Kodak	LQCMAX	0.013724897
Kodak	LQIMIS	0.013724897
Kodak	LQXMAX	0.013724897
Kodak	PHMS	0.013724897
Kodak	X2HS	0.013724897
Kodak	X2IMIS	0.013724897
Kodak	XHS	0.013724897
Kodak	XIMMIS	0.013724897
Kodak	CREO	0.013724897
Kodak	CREOCV	0.013724897
Kodak	DDCP	0.013724897
Kodak	GISD	0.013724897
Kodak	KPG	0.013724897
Kodak	PPILP	0.013724897
Kodak	ATEX	0.013724897
Kodak	D&AI	0.013724897
Kodak	DAI	0.013724897
Kodak	DAYTON	0.013724897
Kodak	DIRCT	0.013724897
Kodak	EDICON	0.013724897
Kodak	EKCTB1	0.013724897
Kodak	EKTRON	0.013724897
Kodak	ENCAD	0.013724897
Kodak	ENCD	0.013724897
Kodak	EPSS	0.013724897
Kodak	IFSOTH	0.013724897
Kodak	KEPS	0.013724897
Kodak	KP	0.013724897
Kodak	KPPOLY	0.013724897
Kodak	LVT	0.013724897
Kodak	MASD	0.013724897
Kodak	MASMEM	0.013724897
Kodak	P&P	0.013724897
Kodak	P&POTH	0.013724897
Kodak	PI	0.013724897
Kodak	PRTPRD	0.013724897
Kodak	SCREEN	0.013724897
Kodak	SPIN	0.013724897
Kodak	TPSD2	0.013724897
Kodak	TX2DAI	0.013724897
Kodak	X2GISD	0.013724897
Kodak	XPI2	0.013724897
Kodak	NEXPRT	0.013724897
Kodak	ALBSYN	0.013724897
Kodak	QUAL01	0.013724897
Kodak	RITSYN	0.013724897
Kodak	WALSYN	0.013724897
Kodak	VRSMRK	0.013724897
Kodak	NP7SEC	0.013724897
Kodak	CE8SEC	0.013724897
Kodak	CROSEC	0.013724897
Kodak	CRVSEC	0.013724897
Kodak	CZ8SEC	0.013724897
Kodak	E6ISEC	0.013724897
Kodak	EN7SEC	0.013724897
Kodak	G3SEC	0.013724897
Kodak	G5ISEC	0.013724897
Kodak	G5SSEC	0.013724897
Kodak	GD3SEC	0.013724897
Kodak	GS3SEC	0.013724897
Kodak	I3SEC	0.013724897
Kodak	I5PSEC	0.013724897
Kodak	I6PSEC	0.013724897
Kodak	IA8SEC	0.013724897
Kodak	IP3SEC	0.013724897
Kodak	IP8SEC	0.013724897
Kodak	K3SEC	0.013724897
Kodak	K5GSEC	0.013724897
Kodak	K5KSEC	0.013724897
Kodak	K5PSEC	0.013724897
Kodak	KA8SEC	0.013724897
Kodak	KG3SEC	0.013724897
Kodak	KG7SEC	0.013724897
Kodak	KG8SEC	0.013724897
Kodak	KP3SEC	0.013724897
Kodak	KP7SEC	0.013724897
Kodak	KP8SEC	0.013724897
Kodak	KZ8SEC	0.013724897
Kodak	N5PSEC	0.013724897
Kodak	N5XSEC	0.013724897
Kodak	NP8SEC	0.013724897
Kodak	NX8SEC	0.013724897
Kodak	P3SEC	0.013724897
Kodak	P5ISEC	0.013724897
Kodak	VK8SEC	0.013724897
Kodak	VR8SEC	0.013724897
Kodak	N7XCSZ	0.013724897
Machine Tools	CSMACH	0.022071367
Material Handling	CSMH	0.00426246
Mita	C5PSEC	0.00873104
Mita	COPSEC	0.00873104
Mita	CP4SEC	0.00873104
Mita	CP7SEC	0.00873104
Mita	CPRSEC	0.00873104
Mita	CPSSEC	0.00873104
Mita	CPTSEC	0.00873104
Mita	CPYCSZ	0.00873104
Mita	CPYSEC	0.00873104
Mita	CPYSTR	0.00873104
Mita	CS8SEC	0.00873104
Mita	CY4SEC	0.00873104
Mita	CY8SEC	0.00873104
Mita	CYRSEC	0.00873104
Mita	CYSEC	0.00873104
Mita	CYSSEC	0.00873104
Mita	M28SEC	0.00873104
Mita	M44SEC	0.00873104
Mita	M5CSEC	0.00873104
Mita	M5HSEC	0.00873104
Mita	M5RSEC	0.00873104
Mita	MASEC	0.00873104
Mita	MCAFAX	0.00873104
Mita	MCASEC	0.00873104
Mita	MCFSEC	0.00873104
Mita	MCXSEC	0.00873104
Mita	ME8SEC	0.00873104
Mita	MFXSEC	0.00873104
Mita	MIASEC	0.00873104
Mita	MISEC	0.00873104
Mita	MITA	0.00873104
Mita	MITCSZ	0.00873104
Mita	MITFED	0.00873104
Mita	MITSEC	0.00873104
Mita	MNACSZ	0.00873104
Mita	MNAPMO	0.00873104
Mita	MNASEC	0.00873104
Mita	MPMSEC	0.00873104
Mita	MT4SEC	0.00873104
Mita	MT7SEC	0.00873104
Mita	MTASEC	0.00873104
Mita	MTFSEC	0.00873104
Mita	MTSEC	0.00873104
Mita	MTTSEC	0.00873104
Mita	MTXSEC	0.00873104
Mita	NA4SEC	0.00873104
Mita	R18SEC	0.00873104
Mita	R5YSEC	0.00873104
Mita	RA4SEC	0.00873104
Mita	RLSEC	0.00873104
Mita	ROASEC	0.00873104
Mita	ROLSEC	0.00873104
Mita	ROYAL	0.00873104
Mita	ROYCSZ	0.00873104
Mita	ROYSEC	0.00873104
Mita	RY4SEC	0.00873104
Mita	RY7SEC	0.00873104
Mita	RY8SEC	0.00873104
Mita	RYASEC	0.00873104
Mita	RYLSEC	0.00873104
Mita	UMASEC	0.00873104
Mita	UMISEC	0.00873104
Mita	UMTSEC	0.00873104
Mita	URLSEC	0.00873104
Mita	USMITA	0.00873104
Mita	USMSEC	0.00873104
Mita	USROYL	0.00873104
Mita	USRSEC	0.00873104
Mita	XMITA	0.00873104
Mita	A13CSZ	0.00873104
Mita	C52CSZ	0.00873104
Mita	M53CSZ	0.00873104
Mita	A43CSZ	0.00873104
Mita	M62CSZ	0.00873104
Mita	N52CSZ	0.00873104
Mita	R54CSZ	0.00873104
Mita	B6CSZ	0.00873104
Mita	U50CSZ	0.00873104
Mita	C84CSZ	0.00873104
Mita	M81CSZ	0.00873104
Mita	M83CSZ	0.00873104
Mita	MI1SEC	0.00873104
MRK	M5KSEC	0.050314149
MRK	MK4SEC	0.050314149
MRK	MKTSEC	0.050314149
MRK	MRKCSZ	0.050314149
MRK	MRKSEC	0.050314149
MRK	MRKSYN	0.050314149
MRK	MRKTCH	0.050314149
MRK	MRTSEC	0.050314149
MRK	M51CSZ	0.050314149
MRK	A41CSZ	0.050314149
NCR	N5CSEC	0.046730867
NCR	NCR	0.046730867
NCR	NCRCSZ	0.046730867
NCR	NCRFED	0.046730867
NCR	NCRSEC	0.046730867
NCR	NCRSYN	0.046730867
NCR	N50CSZ	0.046730867
NCR	A49CSZ	0.046730867
NCR	NC2SEC	0.046730867
NCR	NY7SEC	0.046730867
NCR	NCRCOP	0.046730867
NCR	NCRCPD	0.046730867
Oracle	HLLQCV	0
Oracle	HLTYCV	0
Oracle	HMEXCV	0
Oracle	OMEXCV	0
Oracle	ORACCV	0
Oracle	ORACL2	0
Oracle	ORACLE	0
Oracle	ORAPAR	0
Oracle	ORASYN	0
Other	CRSSYN	0.012145749
Other	CR1SEC	0.012145749
Other	CR2SEC	0.012145749
Other	CR3SEC	0.012145749
Other	CR4SEC	0.012145749
Other	CR5SEC	0.012145749
Other	CR6SEC	0.012145749
Other	CR9SEC	0.012145749
Other	CRDSEC	0.012145749
Other	CRQSEC	0.012145749
Other	CRWSEC	0.012145749
Other	CRZSEC	0.012145749
Other	C24SEC	0.012145749
Other	C25SEC	0.012145749
Other	C26SEC	0.012145749
Other	C27SEC	0.012145749
Other	C29SEC	0.012145749
Other	C30SEC	0.012145749
Other	C31SEC	0.012145749
Other	C32SEC	0.012145749
Other	C33SEC	0.012145749
Other	C34SEC	0.012145749
Other	CCGSEC	0.012145749
Other	SCBSEC	0.012145749
Other	ENGCSZ	0.012145749
Other	ENGEL	0.012145749
Other	EC3SEC	0.012145749
Other	CEFSYN	0.012145749
Other	CE1SEC	0.012145749
Other	CE2SEC	0.012145749
Other	CEFBHS	0.012145749
Other	CEFBMW	0.012145749
Other	CEFBNE	0.012145749
Other	CEFBSE	0.012145749
Other	CEFBSW	0.012145749
Other	CEFBWS	0.012145749
Other	CEFDIR	0.012145749
Other	CEFMDA	0.012145749
Other	CEFMW	0.012145749
Other	CEFNE	0.012145749
Other	CEFPAC	0.012145749
Other	CEFSE	0.012145749
Other	CEFSW	0.012145749
Other	GERFLT	0.012145749
Other	GERINT	0.012145749
Other	GERSUP	0.012145749
Other	REDPLO	0.012145749
Other	CE3SEC	0.012145749
Other	CE4SEC	0.012145749
Other	CE5SEC	0.012145749
Other	CE6SEC	0.012145749
Other	CE7SEC	0.012145749
Other	CEASEC	0.012145749
Other	CEBSEC	0.012145749
Other	CEFSEC	0.012145749
Other	CC1SEC	0.012145749
Other	CC2SEC	0.012145749
Other	CC3SEC	0.012145749
Other	CC5SEC	0.012145749
Other	CC6SEC	0.012145749
Other	CC9SEC	0.012145749
Other	CCASEC	0.012145749
Other	CCBSEC	0.012145749
Other	CCESEC	0.012145749
Other	GC2SEC	0.012145749
Other	CY7SEC	0.012145749
Other	CY5SEC	0.012145749
Other	CY3SEC	0.012145749
Other	CY2SEC	0.012145749
Other	CY1SEC	0.012145749
Other	C08SEC	0.012145749
Other	CFBPSY	0.012145749
Other	CLDSYN	0.012145749
Other	CL1SEC	0.012145749
Other	CL2SEC	0.012145749
Other	CL3SEC	0.012145749
Other	CL9SEC	0.012145749
Other	CLQSEC	0.012145749
Other	CLTSEC	0.012145749
Other	LOYCSZ	0.012145749
Other	C13SEC	0.012145749
Other	C14SEC	0.012145749
Other	C15SEC	0.012145749
Other	C16SEC	0.012145749
Other	C17SEC	0.012145749
Other	C19SEC	0.012145749
Other	C20SEC	0.012145749
Other	CCFSEC	0.012145749
Other	MO1CSZ	0.011424212
Other	MODCSZ	0.011424212
Other	MODCV	0.011424212
Other	MODNEW	0.011424212
Other	MODSPA	0.011424212
Other	NONCSY	0.011424212
Other	X2MOD	0.011424212
Other	XMOD	0.011424212
Other	MO1SEC	0.011424212
Other	MO2SEC	0.011424212
Other	MC7SEC	0.011424212
Other	MCNSEC	0.011424212
Other	MY6SEC	0.011424212
Other	BSCACT	0.011933002
Other	BSCCEF	0.011933002
Other	BSCVFS	0.011933002
Other	CISC	0.011933002
Other	CISC	0.011933002
Other	CSCEXP	0.011933002
Other	IBSOUT	0.011933002
Other	LGCANI	0.011933002
Other	LIFENI	0.011933002
Other	PAIN	0.011933002
Other	PAOT	0.011933002
Other	PASU	0.011933002
Other	PBIN	0.011933002
Other	PBOT	0.011933002
Other	PBSU	0.011933002
Other	PPTX	0.011933002
Other	PPTX	0.011933002
Other	SOLD	0.011933002
Other	SOLDRG	0.011933002
Other	SUNNI	0.011933002
Other	SUTX	0.011933002
Other	TEFO	0.011933002
Other	TEFO	0.011933002
Other	TOSHNI	0.011933002
Other	VEFNI	0.011933002
Other	VEFNI	0.011933002
Other	REFSYN	0.012145749
Other	TPOSYN	0.012145749
Other	ADIRCT	0.012145749
Other	BATEN	0.012145749
Other	CARGOT	0.012145749
Other	CDF	0.012145749
Other	CDIRCT	0.012145749
Other	CHIWCV	0.012145749
Other	CITTCH	0.012145749
Other	DDIRCT	0.012145749
Other	DIGB	0.012145749
Other	DIGTB1	0.012145749
Other	DIRCSY	0.012145749
Other	DIRCT2	0.012145749
Other	DIRECT	0.012145749
Other	ELISON	0.012145749
Other	EMECSZ	0.012145749
Other	EMERSN	0.012145749
Other	EMRSEC	0.012145749
Other	ERIFS	0.012145749
Other	F&FDIR	0.012145749
Other	FLETRY	0.012145749
Other	FLOWIN	0.012145749
Other	FNFCV	0.012145749
Other	FURNIT	0.012145749
Other	GEADVM	0.012145749
Other	GEASYN	0.012145749
Other	HLTREC	0.012145749
Other	HSQDLR	0.012145749
Other	HSQSEC	0.012145749
Other	HSQVRN	0.012145749
Other	HWTYCV	0.012145749
Other	HYUNDA	0.012145749
Other	KEYTEC	0.012145749
Other	KOMSYN	0.012145749
Other	LINOMG	0.012145749
Other	LINOMR	0.012145749
Other	LINTYP	0.012145749
Other	MACFNC	0.012145749
Other	MACSYN	0.012145749
Other	MANUFA	0.012145749
Other	OKUMA	0.012145749
Other	REFDIR	0.012145749
Other	RSASYN	0.012145749
Other	SDRSYN	0.012145749
Other	STLDIR	0.012145749
Other	STLEDB	0.012145749
Other	STRCSZ	0.012145749
Other	STRDIR	0.012145749
Other	STRSYN	0.012145749
Other	SUMITO	0.012145749
Other	SYNDIR	0.012145749
Other	SYNROB	0.012145749
Other	TAGDIR	0.012145749
Other	TIFS	0.012145749
Other	TPODIR	0.012145749
Other	TREE	0.012145749
Other	WATDIR	0.012145749
Other	WHLDIR	0.012145749
Other	WHLENR	0.012145749
Other	X2WHLD	0.012145749
Other	XERI	0.012145749
Other	XSTRD	0.012145749
Other	XWHLD	0.012145749
Other	MA1SEC	0.012145749
Other	DC2SEC	0.012145749
Other	EC2SEC	0.012145749
Other	MC1SEC	0.012145749
Other	MC3SEC	0.012145749
Other	RC2SEC	0.012145749
Other	S10SEC	0.012145749
Other	SC9SEC	0.012145749
Other	TC6SEC	0.012145749
Other	WC1SEC	0.012145749
Other	CU1SEC	0.012145749
Other	DY3SEC	0.012145749
Other	MY1SEC	0.012145749
Other	MY2SEC	0.012145749
Other	RYYSEC	0.012145749
Other	SY7SEC	0.012145749
Other	SY8SEC	0.012145749
Other	TY8SEC	0.012145749
Other	DRT2SY	0.012145749
Other	MCFNSY	0.012145749
Other	REFDSY	0.012145749
Other	CHGSYN	0.012145749
Other	CHICSZ	0.012145749
Other	CHIDRT	0.012145749
Other	CHIDSY	0.012145749
Other	REFCSZ	0.012145749
Other	C10SEC	0.012145749
Other	C11SEC	0.012145749
Other	CY9SEC	0.012145749
Other	CHGOSY	0.012145749
Other	RF8SEC	0.012145749
Other	CC9CSZ	0.012145749
Printing	HEIDEL	0.012145749
Printing	KOMCSZ	0.012145749
Printing	KOMOCV	0.012145749
Printing	KOMOR2	0.012145749
Printing	KOMORI	0.012145749
Printing	KC5SEC	0.012145749
Printing	KCASEC	0.012145749
Printing	KY6SEC	0.012145749
Printing	ELCAM	0.011933002
Printing	MANRO	0.011933002
Printing	MANROS	0.011933002
Printing	X2MANR	0.011933002
Printing	XMANRO	0.011933002
Printing	MCZSEC	0.011933002
Printing	MANSYN	0.011933002
Printing	CSPRIN	0.002867557
Sun	ACCGRH	0.033535051
Sun	ACCSTR	0.033535051
Sun	ACCSYN	0.033535051
Sun	CDORCV	0.033535051
Sun	COMDSC	0.033535051
Sun	COMPRT	0.033535051
Sun	EXCITE	0.033535051
Sun	EXODUS	0.033535051
Sun	GLOBNI	0.033535051
Sun	IDROTH	0.033535051
Sun	MICRO	0.033535051
Sun	MOCA	0.033535051
Sun	MOCA2	0.033535051
Sun	SUN	0.033535051
Sun	SUNACC	0.033535051
Sun	SUNBUY	0.033535051
Sun	SUNDRT	0.033535051
Sun	SUNGLB	0.033535051
Sun	SUNIDR	0.033535051
Sun	SUNOTH	0.033535051
Sun	SUNREG	0.033535051
Sun	SUNRNT	0.033535051
Sun	SUNSRV	0.033535051
Sun	SUNSYN	0.033535051
Sun	AY1SEC	0.033535051
Sun	AY2SEC	0.033535051
Sun	MY4SEC	0.033535051
Sun	MY5SEC	0.033535051
Sun	SU1SEC	0.033535051
Sun	SY9SEC	0.033535051
Sun	ACGRHB	0.033535051
Sun	SUNGBB	0.033535051
Sun	SUNOTB	0.033535051
Sun	SUNRGB	0.033535051
Sun	ACCGRP	0.033535051
Sun	SUNGBP	0.033535051
Sun	SUNOTP	0.033535051
Sun	AY9CSZ	0.033535051
Sun	ID9CSZ	0.033535051
Sun	SUACSZ	0.033535051
Technology	ADTRAN	0.012145749
Technology	AC1SEC	0.012145749
Technology	ALCATL	0.011933002
Technology	ALCEDU	0.011933002
Technology	ALCHC	0.011933002
Technology	ALCSLG	0.011933002
Technology	ASPEN	0.032435487
Technology	ASPSYN	0.032435487
Technology	ACVVFN	0.011933002
Technology	CCVVFN	0.011933002
Technology	ECVVFN	0.011933002
Technology	GCVVFN	0.011933002
Technology	HCVVFN	0.011933002
Technology	KCVVFN	0.011933002
Technology	NCVVFN	0.011933002
Technology	OCVVFN	0.011933002
Technology	TCVVFN	0.011933002
Technology	WCVVFN	0.011933002
Technology	PRJAT	0.011933002
Technology	SXYPLX	0.011933002
Technology	AVFSYN	0.032435487
Technology	AAASEC	0.032435487
Technology	AADSEC	0.032435487
Technology	AV1CSZ	0.032435487
Technology	AVDDIR	0.032435487
Technology	AVDREC	0.032435487
Technology	AVICSZ	0.032435487
Technology	AVID	0.032435487
Technology	AVIDIR	0.032435487
Technology	AVIDSY	0.032435487
Technology	AVISYN	0.032435487
Technology	AVQSEC	0.032435487
Technology	AVSYN	0.032435487
Technology	SYNAVD	0.032435487
Technology	X2AVID	0.032435487
Technology	XAVID	0.032435487
Technology	AV1SEC	0.032435487
Technology	AC9SEC	0.032435487
Technology	ACDSEC	0.032435487
Technology	ACESEC	0.032435487
Technology	AU1SEC	0.032435487
Technology	AY9SEC	0.032435487
Technology	BSDRT	0.032435487
Technology	BSFS1	0.032435487
Technology	BSPRT1	0.032435487
Technology	BSPRT2	0.032435487
Technology	GSBSFS	0.032435487
Technology	MB2CSZ	0.032435487
Technology	MBSTFS	0.032435487
Technology	MBSTSY	0.032435487
Technology	SBSCSZ	0.032435487
Technology	SBSSYN	0.032435487
Technology	SBSTFS	0.032435487
Technology	SMTSYN	0.032435487
Technology	SSWCSZ	0.032435487
Technology	XMBSFS	0.032435487
Technology	XSBSFS	0.032435487
Technology	MC5SEC	0.032435487
Technology	SCASEC	0.032435487
Technology	BQ1SEC	0.032435487
Technology	SQ3SEC	0.032435487
Technology	MEACSZ	0.011933002
Technology	MNWCSZ	0.011933002
Technology	SWICSZ	0.011933002
Technology	BRDCST	0.011933002
Technology	CABLET	0.011933002
Technology	GCABLE	0.011933002
Technology	MCABLE	0.011933002
Technology	SCABLE	0.011933002
Technology	XMCABL	0.011933002
Technology	XSCABL	0.011933002
Technology	CADIS	0.011933002
Technology	CADLR	0.011933002
Technology	CAINC	0.011933002
Technology	ORHSYN	0.011933002
Technology	OCV991	0.011933002
Technology	DELPHI	0.011933002
Technology	EMBARQ	0.044616105
Technology	SPRCSZ	0.044616105
Technology	SPRTIN	0.044616105
Technology	EC1SEC	0.044616105
Technology	SC5SEC	0.044616105
Technology	EQ2SEC	0.044616105
Technology	SQ4SEC	0.044616105
Technology	EMC	0.032435487
Technology	EMCCRP	0.032435487
Technology	EMCCSZ	0.032435487
Technology	EY6SEC	0.032435487
Technology	EMCSYN	0.011933002
Technology	HLTHRG	0.011933002
Technology	ENTRAL	0.011933002
Technology	ENTRAS	0.011933002
Technology	ENTREF	0.011933002
Technology	ENTRSL	0.011933002
Technology	ILXCHN	0.011933002
Technology	ILXCSY	0.011933002
Technology	ILXPSA	0.011933002
Technology	ILXRES	0.011933002
Technology	ILXRSY	0.011933002
Technology	IY4SEC	0.011933002
Technology	IY5SEC	0.011933002
Technology	GEITD	0.011933002
Technology	IDRRCR	0.011933002
Technology	INGRAM	0.011933002
Technology	ISPNI	0.011933002
Technology	ISPPRG	0.011933002
Technology	SMART	0.011933002
Technology	SUNCDO	0.011933002
Technology	SUNRCR	0.011933002
Technology	SUNRCV	0.011933002
Technology	SUNUSE	0.011933002
Technology	XSUN	0.011933002
Technology	XSUNGL	0.011933002
Technology	XSUNPF	0.011933002
Technology	C68SEC	0.012145749
Technology	C78SEC	0.012145749
Technology	CC8SEC	0.012145749
Technology	CL7SEC	0.012145749
Technology	CLDFS	0.012145749
Technology	CLDFSY	0.012145749
Technology	CLDGC	0.012145749
Technology	CLDGSY	0.012145749
Technology	CLDNSG	0.012145749
Technology	CLDNX	0.012145749
Technology	CLDQWS	0.012145749
Technology	CLDREF	0.012145749
Technology	CLDRSL	0.012145749
Technology	CLDRSY	0.012145749
Technology	CLDSPR	0.012145749
Technology	CLEAPL	0.012145749
Technology	CLEBRK	0.012145749
Technology	CLEBSY	0.012145749
Technology	CLEDF	0.012145749
Technology	CLEDSY	0.012145749
Technology	CLEGEL	0.012145749
Technology	CLEGSY	0.012145749
Technology	CLEINB	0.012145749
Technology	CLEKMA	0.012145749
Technology	CLEOI	0.012145749
Technology	CLEOSY	0.012145749
Technology	CLESEC	0.012145749
Technology	CLETFS	0.012145749
Technology	CLETSY	0.012145749
Technology	CT7SEC	0.012145749
Technology	CU8SEC	0.012145749
Technology	LOBSYN	0.012145749
Technology	LODFSY	0.012145749
Technology	C55CSZ	0.012145749
Technology	CLECSZ	0.012145749
Technology	CL4SEC	0.012145749
Technology	CL5SEC	0.012145749
Technology	CLBSEC	0.012145749
Technology	CLCSEC	0.012145749
Technology	CLDSEC	0.012145749
Technology	CU4SEC	0.012145749
Technology	CU3SEC	0.012145749
Technology	ALUINS	0.011933002
Technology	LCENTL	0.011933002
Technology	LEAST	0.011933002
Technology	LUCENT	0.011933002
Technology	LWEST	0.011933002
Technology	PLUINS	0.011933002
Technology	PRJLU	0.011933002
Technology	MBOSYN	0.044616105
Technology	MBO	0.044616105
Technology	MBOCSZ	0.044616105
Technology	SYNREF	0.044616105
Technology	MC4SEC	0.044616105
Technology	MY3SEC	0.044616105
Technology	MOBIUS	0.011933002
Technology	DEMAG	0.011933002
Technology	KRAUS	0.011933002
Technology	NETSTL	0.011933002
Technology	NETAPP	0.011933002
Technology	NETRSL	0.011933002
Technology	NETSEC	0.011933002
Technology	NCASEC	0.011933002
Technology	PNOKIA	0.011933002
Technology	DIST	0.011933002
Technology	GMWILT	0.011933002
Technology	GSWILT	0.011933002
Technology	IOC	0.011933002
Technology	MBAMS	0.011933002
Technology	MEAST	0.011933002
Technology	MNEAST	0.011933002
Technology	MNWEST	0.011933002
Technology	MNWILT	0.011933002
Technology	MWEST	0.011933002
Technology	MWILTL	0.011933002
Technology	NEXONE	0.011933002
Technology	NORTEL	0.011933002
Technology	PANARC	0.011933002
Technology	PANCOM	0.011933002
Technology	PANCRT	0.011933002
Technology	PANERT	0.011933002
Technology	PANMED	0.011933002
Technology	SBAMS	0.011933002
Technology	SEAST	0.011933002
Technology	SNWILT	0.011933002
Technology	SWEST	0.011933002
Technology	SWILTL	0.011933002
Technology	WILCEN	0.011933002
Technology	WILNE	0.011933002
Technology	WILSE	0.011933002
Technology	WILSW	0.011933002
Technology	WILTEL	0.011933002
Technology	WILWST	0.011933002
Technology	XMWILT	0.011933002
Technology	XSWILT	0.011933002
Technology	M11SEC	0.011933002
Technology	S12SEC	0.011933002
Technology	MQ6SEC	0.011933002
Technology	NTNEW	0.044616105
Technology	NQ8SEC	0.044616105
Technology	MBAY	0.011933002
Technology	MNDATA	0.011933002
Technology	PNDATA	0.011933002
Technology	SBAY	0.011933002
Technology	SNDATA	0.011933002
Technology	NORVER	0.011933002
Technology	NSGDIR	0.011933002
Technology	MPROJ	0.011933002
Technology	PRJNON	0.011933002
Technology	PRJNT	0.011933002
Technology	VPROJ	0.011933002
Technology	XPJNON	0.011933002
Technology	AVNSYN	0.011933002
Technology	A6TSEC	0.011933002
Technology	ACCRSL	0.011933002
Technology	ACRCHN	0.011933002
Technology	ACRCOM	0.011933002
Technology	ACRDIR	0.011933002
Technology	ACRRES	0.011933002
Technology	ARC9	0.011933002
Technology	ARCEST	0.011933002
Technology	AVNETL	0.011933002
Technology	AVNETP	0.011933002
Technology	AVNSEC	0.011933002
Technology	AVNTCV	0.011933002
Technology	AVPSEC	0.011933002
Technology	AVTSEC	0.011933002
Technology	EAUCIT	0.011933002
Technology	ENTEX	0.011933002
Technology	ENTPSE	0.011933002
Technology	GEASEC	0.011933002
Technology	GECCSZ	0.011933002
Technology	GECITS	0.011933002
Technology	GECSEC	0.011933002
Technology	GEITSL	0.011933002
Technology	GT4SEC	0.011933002
Technology	GTSSEC	0.011933002
Technology	H5LSEC	0.011933002
Technology	HALCSZ	0.011933002
Technology	HALLMK	0.011933002
Technology	HALSYN	0.011933002
Technology	HK4SEC	0.011933002
Technology	HLMKCV	0.011933002
Technology	HMKSEC	0.011933002
Technology	HRETCV	0.011933002
Technology	IBMCST	0.011933002
Technology	IGFHCV	0.011933002
Technology	INACOM	0.011933002
Technology	INFOTC	0.011933002
Technology	INFOTC	0.011933002
Technology	ITBYSL	0.011933002
Technology	ITDFSX	0.011933002
Technology	ITDRCT	0.011933002
Technology	ITPRG	0.011933002
Technology	ITSYND	0.011933002
Technology	LOGSTA	0.011933002
Technology	MCRCHN	0.011933002
Technology	MCRRES	0.011933002
Technology	NETRES	0.011933002
Technology	P4NSEC	0.011933002
Technology	P4WSEC	0.011933002
Technology	P5CSEC	0.011933002
Technology	P5WSEC	0.011933002
Technology	PA1CSZ	0.011933002
Technology	PC1CSZ	0.011933002
Technology	PCFCSZ	0.011933002
Technology	PCFLSY	0.011933002
Technology	PCFLW2	0.011933002
Technology	PCFSEC	0.011933002
Technology	PCORDR	0.011933002
Technology	PCWSEC	0.011933002
Technology	PF4SEC	0.011933002
Technology	PFLSEC	0.011933002
Technology	PITMAN	0.011933002
Technology	PROSYS	0.011933002
Technology	PW4SEC	0.011933002
Technology	SENCHL	0.011933002
Technology	SENECA	0.011933002
Technology	SNPSYN	0.011933002
Technology	TMSCV	0.011933002
Technology	TRNDCV	0.011933002
Technology	USPCFL	0.011933002
Technology	VEND	0.011933002
Technology	VERSY9	0.011933002
Technology	VIEWCH	0.011933002
Technology	VSEAST	0.011933002
Technology	A08CSZ	0.011933002
Technology	A23CSZ	0.011933002
Technology	A6TCSZ	0.011933002
Technology	H50CSZ	0.011933002
Technology	P50CSZ	0.011933002
Technology	P51CSZ	0.011933002
Technology	B3CSZ	0.011933002
Technology	AC6SEC	0.011933002
Technology	NCSSEC	0.011933002
Technology	RC1SEC	0.011933002
Technology	RC3SEC	0.011933002
Technology	RC5SEC	0.011933002
Technology	RC6SEC	0.011933002
Technology	RCASEC	0.011933002
Technology	PEOPLE	0.011933002
Technology	GMUSWT	0.044616105
Technology	MNUCSZ	0.044616105
Technology	MNUSWT	0.044616105
Technology	MUQSEC	0.044616105
Technology	MUSCSZ	0.044616105
Technology	MUSWST	0.044616105
Technology	QWSDIR	0.044616105
Technology	QWSSEC	0.044616105
Technology	QWSSYN	0.044616105
Technology	QWSTFD	0.044616105
Technology	SNUSWT	0.044616105
Technology	SUSCSZ	0.044616105
Technology	SUSWST	0.044616105
Technology	XMUSWT	0.044616105
Technology	XSUSWT	0.044616105
Technology	M10SEC	0.044616105
Technology	QC1SEC	0.044616105
Technology	S11SEC	0.044616105
Technology	XC1SEC	0.044616105
Technology	MQ5SEC	0.044616105
Technology	QQ1SEC	0.044616105
Technology	SQ6SEC	0.044616105
Technology	RADIAN	0.011933002
Technology	CSTECH	0.044616105
Technology	RSA	0.011933002
Technology	RSASEC	0.011933002
Technology	SIEBEL	0.011933002
Technology	SIEBDR	0.011933002
Technology	CSTCSZ	0.011933002
Technology	USEFMA	0.011933002
Technology	USEFMW	0.011933002
Technology	USEFNE	0.011933002
Technology	USEFPC	0.011933002
Technology	USEFSE	0.011933002
Technology	USEFSW	0.011933002
Technology	USNESY	0.011933002
Technology	USSWSY	0.011933002
Technology	UY6SEC	0.011933002
Technology	UY5SEC	0.011933002
Technology	UY4SEC	0.011933002
Technology	UY3SEC	0.011933002
Technology	UY2SEC	0.011933002
Technology	UY1SEC	0.011933002
Technology	GMSPNT	0.011933002
Technology	MNSPRT	0.011933002
Technology	MSPCSZ	0.011933002
Technology	MSPRNT	0.011933002
Technology	MSQSEC	0.011933002
Technology	NCSCSP	0.011933002
Technology	NEXSEC	0.011933002
Technology	NEXTEL	0.011933002
Technology	SLONGD	0.011933002
Technology	SPRINT	0.011933002
Technology	SPRTDF	0.011933002
Technology	SPTCSZ	0.011933002
Technology	SSPCSZ	0.011933002
Technology	SSPRNT	0.011933002
Technology	XMSPNT	0.011933002
Technology	XSSPNT	0.011933002
Technology	MC9SEC	0.011933002
Technology	NC5SEC	0.011933002
Technology	SCMSEC	0.011933002
Technology	SCNSEC	0.011933002
Technology	MQ4SEC	0.011933002
Technology	NQ7SEC	0.011933002
Technology	SQ5SEC	0.011933002
Technology	LEXSNX	0.011933002
Technology	SYNNON	0.011933002
Technology	SYNSYN	0.011933002
Technology	SYNXCH	0.011933002
Technology	SYNXPS	0.011933002
Technology	SYNXRE	0.011933002
Technology	SU3SEC	0.011933002
Technology	SUYSEC	0.011933002
Technology	EC4SEC	0.044616105
Technology	T4DSEC	0.044616105
Technology	T5ESEC	0.044616105
Technology	TCDSEC	0.044616105
Technology	TCTSEC	0.044616105
Technology	TECCSZ	0.044616105
Technology	TECDAT	0.044616105
Technology	TECHCV	0.044616105
Technology	TECHSY	0.044616105
Technology	TECSYN	0.044616105
Technology	TSELCT	0.044616105
Technology	TSELCV	0.044616105
Technology	E51CSZ	0.044616105
Technology	T62CSZ	0.044616105
Technology	T83CSZ	0.044616105
Technology	TY1SEC	0.044616105
Technology	T4XSEC	0.011933002
Technology	T5XSEC	0.011933002
Technology	T88SEC	0.011933002
Technology	TEKTRX	0.011933002
Technology	TQ8SEC	0.011933002
Technology	TROCSZ	0.011933002
Technology	TRONIX	0.011933002
Technology	TROSYN	0.011933002
Technology	TRXSEC	0.011933002
Technology	TX4SEC	0.011933002
Technology	T58CSZ	0.011933002
Technology	A80CSZ	0.011933002
Technology	TC1SEC	0.011933002
Technology	TY2SEC	0.011933002
Technology	TELEC	0.044616105
Technology	ALLTEL	0.044616105
Technology	GEITS	0.044616105
Technology	GMIOC	0.044616105
Technology	GMSBT	0.044616105
Technology	GSIOC	0.044616105
Technology	GSSBT	0.044616105
Technology	LOANIQ	0.044616105
Technology	LQXMIS	0.044616105
Technology	MCI	0.044616105
Technology	MI1CSZ	0.044616105
Technology	MITEL	0.044616105
Technology	MITELD	0.044616105
Technology	MITELI	0.044616105
Technology	MMCI	0.044616105
Technology	MNSBT	0.044616105
Technology	MSBT	0.044616105
Technology	MSBTFS	0.044616105
Technology	MSWBFS	0.044616105
Technology	NETVE	0.044616105
Technology	RSLLER	0.044616105
Technology	SMCI	0.044616105
Technology	SSBT	0.044616105
Technology	SSWBFS	0.044616105
Technology	XALLTL	0.044616105
Technology	XMMCI	0.044616105
Technology	XMSBT	0.044616105
Technology	XSIOC	0.044616105
Technology	XSMCI	0.044616105
Technology	XSSBT	0.044616105
Technology	MC6SEC	0.044616105
Technology	MQ3SEC	0.044616105
Technology	RQ2SEC	0.044616105
Technology	TI7SEC	0.011933002
Technology	PCFLOW	0.044616105
Technology	TSHTEL	0.044616105
Technology	VARRES	0.044616105
Technology	PCFBUY	0.044616105
Technology	AS7SEC	0.011933002
Technology	AS8SEC	0.011933002
Technology	ASPSEC	0.011933002
Technology	DTCSEC	0.011933002
Technology	E5CSEC	0.011933002
Technology	EC7SEC	0.011933002
Technology	EC8SEC	0.011933002
Technology	EM2SEC	0.011933002
Technology	EM8SEC	0.011933002
Technology	EMCSEC	0.011933002
Technology	ER2SEC	0.011933002
Technology	N5RSEC	0.011933002
Technology	N6CSEC	0.011933002
Technology	NC3SEC	0.011933002
Technology	NC4SEC	0.011933002
Technology	NC7SEC	0.011933002
Technology	NC8SEC	0.011933002
Technology	NR4SEC	0.011933002
Technology	NR8SEC	0.011933002
Technology	NRCSEC	0.011933002
Technology	NRSEC	0.011933002
Technology	SP7SEC	0.011933002
Technology	A17CSZ	0.011933002
Technology	E50CSZ	0.011933002
Technology	N82CSZ	0.011933002
Technology	N83CSZ	0.011933002
Technology	VDOJET	0.044616105
Technology	VIDCSZ	0.044616105
Technology	VC1SEC	0.044616105
Technology	VY7SEC	0.044616105
Technology	SUNGLBPORT	0.032435487
Technology	GC9CSZ	0.011933002
Technology	IB2CSZ	0.011933002
Technology	IB3CSZ	0.011933002
Technology	IB5CSZ	0.011933002
Technology	IBCCSZ	0.011933002
Technology	IBFCSZ	0.011933002
Technology	IBVCSZ	0.011933002
Technology	IM2CSZ	0.011933002
Technology	SU9CSZ	0.011933002
Technology	VA0CSZ	0.011933002
Technology	CTYCSZ	0.011933002
Technology	VA9CSZ	0.011933002
Technology	CR9CSZ	0.011933002
Tennant	TENANT	0.074174022
Tennant	TENCEN	0.074174022
Tennant	TENCNV	0.074174022
Tennant	TENCSZ	0.074174022
Tennant	TENSTM	0.074174022
Tennant	TNNSEC	0.074174022
Tennant	X2TENN	0.074174022
Tennant	XTENAT	0.074174022
Tennant	TE1SEC	0.074174022
Tennant	TC3SEC	0.074174022
Tennant	TY4SEC	0.074174022
Tennant	TY5SEC	0.074174022
Tennant	T54CSZ	0.074174022
Teradata	TRDATA	0.008498521
Teradata	TRDTFD	0.008498521
Teradata	TRDATB	0.008498521
Teradata	TRDATP	0.008498521
Test & Measure	AG1SEC	0.023821155
Test & Measure	AG2SEC	0.023821155
Test & Measure	AG3SEC	0.023821155
Test & Measure	AGILNT	0.023821155
Test & Measure	AGLCAS	0.023821155
Test & Measure	AGLCSY	0.023821155
Test & Measure	AGLDIR	0.023821155
Test & Measure	AGLDSY	0.023821155
Test & Measure	AGLIBS	0.023821155
Test & Measure	AGLISY	0.023821155
Test & Measure	AGLPHS	0.023821155
Test & Measure	AGLPSY	0.023821155
Test & Measure	AGTCSZ	0.023821155
Test & Measure	EESOF	0.023821155
Test & Measure	EESSEC	0.023821155
Test & Measure	EMGESY	0.023821155
Test & Measure	EP1SEC	0.023821155
Test & Measure	EP2SEC	0.023821155
Test & Measure	EP3SEC	0.023821155
Test & Measure	EPSDEF	0.023821155
Test & Measure	EPSDIR	0.023821155
Test & Measure	EPSEMT	0.023821155
Test & Measure	EPSIM	0.023821155
Test & Measure	EPSMAJ	0.023821155
Test & Measure	EPSMOL	0.023821155
Test & Measure	EPSSYN	0.023821155
Test & Measure	GT1SEC	0.023821155
Test & Measure	GT2SEC	0.023821155
Test & Measure	GTOEST	0.023821155
Test & Measure	GTOESY	0.023821155
Test & Measure	GTOWST	0.023821155
Test & Measure	GTOWSY	0.023821155
Test & Measure	SYNEMG	0.023821155
Test & Measure	AGASEC	0.023821155
Test & Measure	EE1SEC	0.023821155
Test & Measure	GTASEC	0.023821155
Test & Measure	AC2SEC	0.023821155
Test & Measure	AC3SEC	0.023821155
Test & Measure	AC5SEC	0.023821155
Test & Measure	ACCSEC	0.023821155
Test & Measure	EC5SEC	0.023821155
Test & Measure	ECASEC	0.023821155
Test & Measure	GC5SEC	0.023821155
Test & Measure	GC6SEC	0.023821155
Test & Measure	AY3SEC	0.023821155
Test & Measure	AY4SEC	0.023821155
Test & Measure	AY5SEC	0.023821155
Test & Measure	EY7SEC	0.023821155
Test & Measure	GY4SEC	0.023821155
Test & Measure	GY5SEC	0.023821155
Test & Measure	GEBSEC	0.022071367
Test & Measure	GERBER	0.022071367
Test & Measure	GERCSZ	0.022071367
Test & Measure	GEROSY	0.022071367
Test & Measure	GG4SEC	0.022071367
Test & Measure	GRBDIR	0.022071367
Test & Measure	OPCSEC	0.022071367
Test & Measure	OPTCAL	0.022071367
Test & Measure	OPTCSZ	0.022071367
Test & Measure	SC4SEC	0.022071367
Test & Measure	SCICSZ	0.022071367
Test & Measure	SCIPRD	0.022071367
Test & Measure	SCPSEC	0.022071367
Test & Measure	X2SCIP	0.022071367
Test & Measure	XSCIPR	0.022071367
Test & Measure	S59CSZ	0.022071367
Test & Measure	GC1SEC	0.022071367
Test & Measure	GC4SEC	0.022071367
Test & Measure	OC1SEC	0.022071367
Test & Measure	SC3SEC	0.022071367
Test & Measure	GY2SEC	0.022071367
Test & Measure	GY3SEC	0.022071367
Test & Measure	OY3SEC	0.022071367
Test & Measure	SY3SEC	0.022071367
Test & Measure	CSTM	0.023821155
Test & Measure	SC7SEC	0.022071367
Test & Measure	MACITR	0.022071367
Test & Measure	PACITR	0.022071367
Toshiba	GM4SEC	0.006363836
Toshiba	HA4SEC	0.006363836
Toshiba	HG4SEC	0.006363836
Toshiba	HT4SEC	0.006363836
Toshiba	OS4SEC	0.006363836
Toshiba	SG8SEC	0.006363836
Toshiba	T27SEC	0.006363836
Toshiba	T28SEC	0.006363836
Toshiba	T4BSEC	0.006363836
Toshiba	T4FSEC	0.006363836
Toshiba	T4HSEC	0.006363836
Toshiba	T4SEC	0.006363836
Toshiba	T4SSEC	0.006363836
Toshiba	T5HSEC	0.006363836
Toshiba	T5ISEC	0.006363836
Toshiba	T5JSEC	0.006363836
Toshiba	T5KSEC	0.006363836
Toshiba	T5MSEC	0.006363836
Toshiba	T5SSEC	0.006363836
Toshiba	T5VSEC	0.006363836
Toshiba	T6HSEC	0.006363836
Toshiba	T6NSEC	0.006363836
Toshiba	T6SSEC	0.006363836
Toshiba	TA2SEC	0.006363836
Toshiba	TB2SEC	0.006363836
Toshiba	TB4SEC	0.006363836
Toshiba	TBASEC	0.006363836
Toshiba	TBGSEC	0.006363836
Toshiba	TBHSEC	0.006363836
Toshiba	TBSEC	0.006363836
Toshiba	TDISEC	0.006363836
Toshiba	TE8SEC	0.006363836
Toshiba	TF4SEC	0.006363836
Toshiba	TFLSEC	0.006363836
Toshiba	TG4SEC	0.006363836
Toshiba	TG7SEC	0.006363836
Toshiba	TG8SEC	0.006363836
Toshiba	TGESEC	0.006363836
Toshiba	TGLSEC	0.006363836
Toshiba	TGMSEC	0.006363836
Toshiba	TGSEC	0.006363836
Toshiba	TH2SEC	0.006363836
Toshiba	TH3SEC	0.006363836
Toshiba	TH3SEC	0.006363836
Toshiba	TH4SEC	0.006363836
Toshiba	TH8SEC	0.006363836
Toshiba	THDSEC	0.006363836
Toshiba	THESEC	0.006363836
Toshiba	THFSEC	0.006363836
Toshiba	THGSEC	0.006363836
Toshiba	THISEC	0.006363836
Toshiba	THMSEC	0.006363836
Toshiba	THSEC	0.006363836
Toshiba	THSSEC	0.006363836
Toshiba	THTSEC	0.006363836
Toshiba	TI4SEC	0.006363836
Toshiba	TI8SEC	0.006363836
Toshiba	TIBSEC	0.006363836
Toshiba	TL4SEC	0.006363836
Toshiba	TL8SEC	0.006363836
Toshiba	TM2SEC	0.006363836
Toshiba	TO1CSZ	0.006363836
Toshiba	TOBSEC	0.006363836
Toshiba	TOGSEC	0.006363836
Toshiba	TOHSEC	0.006363836
Toshiba	TOMSEC	0.006363836
Toshiba	TOSCSZ	0.006363836
Toshiba	TOSSEC	0.006363836
Toshiba	TPLSEC	0.006363836
Toshiba	TS1CSZ	0.006363836
Toshiba	TS2CSZ	0.006363836
Toshiba	TS2SEC	0.006363836
Toshiba	TS3CSZ	0.006363836
Toshiba	TS3SEC	0.006363836
Toshiba	TS4CSZ	0.006363836
Toshiba	TS4SEC	0.006363836
Toshiba	TS5CSZ	0.006363836
Toshiba	TS6CSZ	0.006363836
Toshiba	TS7SEC	0.006363836
Toshiba	TS8SEC	0.006363836
Toshiba	TSBSEC	0.006363836
Toshiba	TSGSEC	0.006363836
Toshiba	TSHB9	0.006363836
Toshiba	TSHCSZ	0.006363836
Toshiba	TSHDIR	0.006363836
Toshiba	TSHEXP	0.006363836
Toshiba	TSHGE	0.006363836
Toshiba	TSHGEM	0.006363836
Toshiba	TSHIB2	0.006363836
Toshiba	TSHIB9	0.006363836
Toshiba	TSHIBA	0.006363836
Toshiba	TSHNON	0.006363836
Toshiba	TSHPCF	0.006363836
Toshiba	TSHPCT	0.006363836
Toshiba	TSHSCR	0.006363836
Toshiba	TSHSEC	0.006363836
Toshiba	TSHSMB	0.006363836
Toshiba	TSHSTR	0.006363836
Toshiba	TSHSY1	0.006363836
Toshiba	TSMSEC	0.006363836
Toshiba	TSSEC	0.006363836
Toshiba	TSTSEC	0.006363836
Toshiba	TT4SEC	0.006363836
Toshiba	TTLSEC	0.006363836
Toshiba	TU4SEC	0.006363836
Toshiba	UGESEC	0.006363836
Toshiba	US2SEC	0.006363836
Toshiba	USHSEC	0.006363836
Toshiba	USTGEM	0.006363836
Toshiba	USTSEC	0.006363836
Toshiba	USTSGE	0.006363836
Toshiba	USTSH2	0.006363836
Toshiba	UTSSEC	0.006363836
Toshiba	XTOSBA	0.006363836
Toshiba	XTOSHC	0.006363836
Toshiba	O52CSZ	0.006363836
Toshiba	T52CSZ	0.006363836
Toshiba	A73CSZ	0.006363836
Toshiba	T53CSZ	0.006363836
Toshiba	A74CSZ	0.006363836
Toshiba	T56CSZ	0.006363836
Toshiba	A78CSZ	0.006363836
Toshiba	A81CSZ	0.006363836
Toshiba	A83CSZ	0.006363836
Toshiba	T63CSZ	0.006363836
Toshiba	T64CSZ	0.006363836
Toshiba	T65CSZ	0.006363836
Toshiba	T67CSZ	0.006363836
Toshiba	T70CSZ	0.006363836
Toshiba	T71CSZ	0.006363836
Toshiba	T72CSZ	0.006363836
Toshiba	T86CSZ	0.006363836
Toshiba	T87CSZ	0.006363836
Toshiba	T90CSZ	0.006363836
Toshiba	TOGSEC	0.006363836
Toshiba	TS0SEC	0.006363836
Trad / Ricoh	A06CSZ	0.009187469
Trad / Ricoh	A55CSZ	0.009187469
Trad / Ricoh	A6BCSZ	0.009187469
Trad / Ricoh	A6BSEC	0.009187469
Trad / Ricoh	A6CSEC	0.009187469
Trad / Ricoh	A7BCSZ	0.009187469
Trad / Ricoh	ABDCK9	0.009187469
Trad / Ricoh	ABDICK	0.009187469
Trad / Ricoh	ABOICV	0.009187469
Trad / Ricoh	AEL2	0.009187469
Trad / Ricoh	AM1CSZ	0.009187469
Trad / Ricoh	AM2CSZ	0.009187469
Trad / Ricoh	AMECSZ	0.009187469
Trad / Ricoh	AMEXCV	0.009187469
Trad / Ricoh	AMX2CV	0.009187469
Trad / Ricoh	AMX3CV	0.009187469
Trad / Ricoh	AMX4CV	0.009187469
Trad / Ricoh	AMXCSZ	0.009187469
Trad / Ricoh	ASSTMG	0.009187469
Trad / Ricoh	AUTDDF	0.009187469
Trad / Ricoh	AUTDIT	0.009187469
Trad / Ricoh	AUTDLP	0.009187469
Trad / Ricoh	AUTDOI	0.009187469
Trad / Ricoh	AX2SEC	0.009187469
Trad / Ricoh	AX3SEC	0.009187469
Trad / Ricoh	AX4SEC	0.009187469
Trad / Ricoh	CENTEL	0.009187469
Trad / Ricoh	CENTL9	0.009187469
Trad / Ricoh	DEALCR	0.009187469
Trad / Ricoh	DUPLPA	0.009187469
Trad / Ricoh	DUPLPB	0.009187469
Trad / Ricoh	ERSKIN	0.009187469
Trad / Ricoh	HITACH	0.009187469
Trad / Ricoh	HITCSZ	0.009187469
Trad / Ricoh	HITSEC	0.009187469
Trad / Ricoh	HTCSEC	0.009187469
Trad / Ricoh	INACT	0.009187469
Trad / Ricoh	INTCNI	0.009187469
Trad / Ricoh	L5NSEC	0.009187469
Trad / Ricoh	LA1SYN	0.009187469
Trad / Ricoh	LA2SYN	0.009187469
Trad / Ricoh	LA4SEC	0.009187469
Trad / Ricoh	LANCSZ	0.009187469
Trad / Ricoh	LANOLD	0.009187469
Trad / Ricoh	LN4SEC	0.009187469
Trad / Ricoh	LNDSEC	0.009187469
Trad / Ricoh	LNLSEC	0.009187469
Trad / Ricoh	LNSEC	0.009187469
Trad / Ricoh	LWCS	0.009187469
Trad / Ricoh	MIREX	0.009187469
Trad / Ricoh	MX4SEC	0.009187469
Trad / Ricoh	NECNI	0.009187469
Trad / Ricoh	NECRTL	0.009187469
Trad / Ricoh	OI	0.009187469
Trad / Ricoh	OINIRG	0.009187469
Trad / Ricoh	OPBAGT	0.009187469
Trad / Ricoh	OPBSEC	0.009187469
Trad / Ricoh	PA2CSZ	0.009187469
Trad / Ricoh	PA3CSZ	0.009187469
Trad / Ricoh	PA4CSZ	0.009187469
Trad / Ricoh	PAN2CH	0.009187469
Trad / Ricoh	PANCHC	0.009187469
Trad / Ricoh	PANCHI	0.009187469
Trad / Ricoh	PANCRD	0.009187469
Trad / Ricoh	PANCSZ	0.009187469
Trad / Ricoh	PANDIR	0.009187469
Trad / Ricoh	PANFAX	0.009187469
Trad / Ricoh	PANIND	0.009187469
Trad / Ricoh	PANNA2	0.009187469
Trad / Ricoh	PANNAP	0.009187469
Trad / Ricoh	PANSEC	0.009187469
Trad / Ricoh	PANWC	0.009187469
Trad / Ricoh	PC2SEC	0.009187469
Trad / Ricoh	PCHSEC	0.009187469
Trad / Ricoh	PCISEC	0.009187469
Trad / Ricoh	PD2SEC	0.009187469
Trad / Ricoh	PDIRCH	0.009187469
Trad / Ricoh	PDRSEC	0.009187469
Trad / Ricoh	PFAXCH	0.009187469
Trad / Ricoh	PFUNDC	0.009187469
Trad / Ricoh	PH2SEC	0.009187469
Trad / Ricoh	PI4SEC	0.009187469
Trad / Ricoh	PN2SEC	0.009187469
Trad / Ricoh	PN6SEC	0.009187469
Trad / Ricoh	PNAPCH	0.009187469
Trad / Ricoh	PNCSEC	0.009187469
Trad / Ricoh	PNISEC	0.009187469
Trad / Ricoh	PNNSEC	0.009187469
Trad / Ricoh	PNPSEC	0.009187469
Trad / Ricoh	POLID9	0.009187469
Trad / Ricoh	POLOID	0.009187469
Trad / Ricoh	PP2SEC	0.009187469
Trad / Ricoh	PRDSEC	0.009187469
Trad / Ricoh	PRINTX	0.009187469
Trad / Ricoh	PRXSEC	0.009187469
Trad / Ricoh	RMOBNI	0.009187469
Trad / Ricoh	ROINI	0.009187469
Trad / Ricoh	S1297A	0.009187469
Trad / Ricoh	S53B	0.009187469
Trad / Ricoh	SCAI	0.009187469
Trad / Ricoh	SFBS	0.009187469
Trad / Ricoh	SUSB	0.009187469
Trad / Ricoh	TS6SEC	0.009187469
Trad / Ricoh	USPCRD	0.009187469
Trad / Ricoh	USPDIR	0.009187469
Trad / Ricoh	USPIND	0.009187469
Trad / Ricoh	USPNAP	0.009187469
Trad / Ricoh	USPSEC	0.009187469
Trad / Ricoh	WC4SEC	0.009187469
Trad / Ricoh	X5GSEC	0.009187469
Trad / Ricoh	X5MSEC	0.009187469
Trad / Ricoh	X5NSEC	0.009187469
Trad / Ricoh	X5XSEC	0.009187469
Trad / Ricoh	X6PSEC	0.009187469
Trad / Ricoh	X6XSEC	0.009187469
Trad / Ricoh	XA4SEC	0.009187469
Trad / Ricoh	XD2SEC	0.009187469
Trad / Ricoh	XEREG	0.009187469
Trad / Ricoh	XERMON	0.009187469
Trad / Ricoh	XERPGM	0.009187469
Trad / Ricoh	XERXCS	0.009187469
Trad / Ricoh	XESEC	0.009187469
Trad / Ricoh	XG4SEC	0.009187469
Trad / Ricoh	XGNSEC	0.009187469
Trad / Ricoh	XGTSEC	0.009187469
Trad / Ricoh	XM4SEC	0.009187469
Trad / Ricoh	XMNSEC	0.009187469
Trad / Ricoh	XN4SEC	0.009187469
Trad / Ricoh	XNGCSZ	0.009187469
Trad / Ricoh	XNGDIR	0.009187469
Trad / Ricoh	XNGSEC	0.009187469
Trad / Ricoh	XP4SEC	0.009187469
Trad / Ricoh	XPANSO	0.009187469
Trad / Ricoh	XPNSEC	0.009187469
Trad / Ricoh	XPRSEC	0.009187469
Trad / Ricoh	XR1CSZ	0.009187469
Trad / Ricoh	XR2CSZ	0.009187469
Trad / Ricoh	XR2SEC	0.009187469
Trad / Ricoh	XR3CSZ	0.009187469
Trad / Ricoh	XR4CSZ	0.009187469
Trad / Ricoh	XR5CSZ	0.009187469
Trad / Ricoh	XRASEC	0.009187469
Trad / Ricoh	XRDSEC	0.009187469
Trad / Ricoh	XROSEC	0.009187469
Trad / Ricoh	XRSSEC	0.009187469
Trad / Ricoh	XRXAGT	0.009187469
Trad / Ricoh	XRXCPP	0.009187469
Trad / Ricoh	XRXCSZ	0.009187469
Trad / Ricoh	XRXDIR	0.009187469
Trad / Ricoh	XRXENG	0.009187469
Trad / Ricoh	XRXOMN	0.009187469
Trad / Ricoh	XRXPRI	0.009187469
Trad / Ricoh	XRXSTD	0.009187469
Trad / Ricoh	H54CSZ	0.009187469
Trad / Ricoh	HTCCSZ	0.009187469
Trad / Ricoh	L50CSZ	0.009187469
Trad / Ricoh	A38CSZ	0.009187469
Trad / Ricoh	P55CSZ	0.009187469
Trad / Ricoh	P56CSZ	0.009187469
Trad / Ricoh	P57CSZ	0.009187469
Trad / Ricoh	P58CSZ	0.009187469
Trad / Ricoh	P59CSZ	0.009187469
Trad / Ricoh	P60CSZ	0.009187469
Trad / Ricoh	X51CSZ	0.009187469
Trad / Ricoh	A88CSZ	0.009187469
Trad / Ricoh	X52CSZ	0.009187469
Trad / Ricoh	A89CSZ	0.009187469
Trad / Ricoh	X53CSZ	0.009187469
Trad / Ricoh	A90CSZ	0.009187469
Trad / Ricoh	A91CSZ	0.009187469
Trad / Ricoh	X54CSZ	0.009187469
Trad / Ricoh	A92CSZ	0.009187469
Trad / Ricoh	X55CSZ	0.009187469
Trad / Ricoh	A93CSZ	0.009187469
Trad / Ricoh	X58CSZ	0.009187469
Trad / Ricoh	X59CSZ	0.009187469
Trad / Ricoh	AA5CSZ	0.009187469
Trad / Ricoh	LA3SYN	0.009187469
Trad / Ricoh	CANCSZ	0.009187469
Trad / Ricoh	C5ASEC	0.009187469
Trad / Ricoh	C5NSEC	0.009187469
Trad / Ricoh	C6CSEC	0.009187469
Trad / Ricoh	C6HSEC	0.009187469
Trad / Ricoh	C6VSEC	0.009187469
Trad / Ricoh	CA7SEC	0.009187469
Trad / Ricoh	CANCHI	0.009187469
Trad / Ricoh	CANCV	0.009187469
Trad / Ricoh	CC4SEC	0.009187469
Trad / Ricoh	CCHSEC	0.009187469
Trad / Ricoh	CI4SEC	0.009187469
Trad / Ricoh	CN4SEC	0.009187469
Trad / Ricoh	CNCSEC	0.009187469
Trad / Ricoh	CNPTCV	0.009187469
Trad / Ricoh	CQ8SEC	0.009187469
Trad / Ricoh	CX8SEC	0.009187469
Trad / Ricoh	A11CSZ	0.009187469
Trad / Ricoh	A15CSZ	0.009187469
Trad / Ricoh	C50CSZ	0.009187469
Trad / Ricoh	C87CSZ	0.009187469
Trad / Ricoh	A02CSZ	0.009187469
Trad / Ricoh	A07CSZ	0.009187469
Trad / Ricoh	A52CSZ	0.009187469
Trad / Ricoh	A5CSEC	0.009187469
Trad / Ricoh	A6SSEC	0.009187469
Trad / Ricoh	AA2SEC	0.009187469
Trad / Ricoh	AB8SEC	0.009187469
Trad / Ricoh	AC7SEC	0.009187469
Trad / Ricoh	AC8SEC	0.009187469
Trad / Ricoh	ACMSEC	0.009187469
Trad / Ricoh	AM2SEC	0.009187469
Trad / Ricoh	AS4SEC	0.009187469
Trad / Ricoh	ASCCSZ	0.009187469
Trad / Ricoh	ASCDLR	0.009187469
Trad / Ricoh	ASCMCV	0.009187469
Trad / Ricoh	ASCOM	0.009187469
Trad / Ricoh	ASCSEC	0.009187469
Trad / Ricoh	ASCSYN	0.009187469
Trad / Ricoh	NEOPST	0.009187469
Trad / Ricoh	NEOSYN	0.009187469
Trad / Ricoh	A02CSZ	0.009187469
Trad / Ricoh	I5BSEC	0.009187469
Trad / Ricoh	IMGBCH	0.009187469
Trad / Ricoh	A25CSZ	0.009187469
Trad / Ricoh	I50CSZ	0.009187469
Trad / Ricoh	I51CSZ	0.009187469
Trad / Ricoh	I5BCSZ	0.009187469
Trad / Ricoh	DL4SEC	0.009187469
Trad / Ricoh	S38SEC	0.009187469
Trad / Ricoh	S58SEC	0.009187469
Trad / Ricoh	SA1CSZ	0.009187469
Trad / Ricoh	SADSEC	0.009187469
Trad / Ricoh	SAMSEC	0.009187469
Trad / Ricoh	SAVCSZ	0.009187469
Trad / Ricoh	SAVINC	0.009187469
Trad / Ricoh	SAVN	0.009187469
Trad / Ricoh	SAVN9	0.009187469
Trad / Ricoh	SAVSEC	0.009187469
Trad / Ricoh	SDSEC	0.009187469
Trad / Ricoh	SM4SEC	0.009187469
Trad / Ricoh	SM8SEC	0.009187469
Trad / Ricoh	SN8SEC	0.009187469
Trad / Ricoh	SNMSEC	0.009187469
Trad / Ricoh	SV4SEC	0.009187469
Trad / Ricoh	SVCSEC	0.009187469
Trad / Ricoh	SVDSEC	0.009187469
Trad / Ricoh	SVISEC	0.009187469
Trad / Ricoh	SVMSEC	0.009187469
Trad / Ricoh	SVNSEC	0.009187469
Trad / Ricoh	SVRSEC	0.009187469
Trad / Ricoh	XSAVIN	0.009187469
Trad / Ricoh	LNRDLR	0.009187469
Trad / Ricoh	LNRSEC	0.009187469
Trad / Ricoh	RICDLR	0.009187469
Trad / Ricoh	RICFED	0.009187469
Trad / Ricoh	RICNAP	0.009187469
Trad / Ricoh	RICOHM	0.009187469
Trad / Ricoh	RICSEC	0.009187469
Trad / Ricoh	S5NSEC	0.009187469
Trad / Ricoh	S5VSEC	0.009187469
Trad / Ricoh	SAVDLR	0.009187469
Trad / Ricoh	SAVFED	0.009187469
Trad / Ricoh	SAVINM	0.009187469
Trad / Ricoh	SM7SEC	0.009187469
Trad / Ricoh	SV7SEC	0.009187469
Trad / Ricoh	L52CSZ	0.009187469
Trad / Ricoh	LNRCSZ	0.009187469
Trad / Ricoh	R58CSZ	0.009187469
Trad / Ricoh	RICCSZ	0.009187469
Trad / Ricoh	S56CSZ	0.009187469
Trad / Ricoh	A65CSZ	0.009187469
Trad / Ricoh	S58CSZ	0.009187469
Trad / Ricoh	A67CSZ	0.009187469
Trad / Ricoh	ADVRF	0.009187469
Trad / Ricoh	ADVRF9	0.009187469
Trad / Ricoh	AEGON	0.009187469
Trad / Ricoh	AMEXP	0.009187469
Trad / Ricoh	ARCSEC	0.009187469
Trad / Ricoh	BRKER	0.009187469
Trad / Ricoh	BRKSEC	0.009187469
Trad / Ricoh	CMSCNI	0.009187469
Trad / Ricoh	CRNIRG	0.009187469
Trad / Ricoh	CRNIRG	0.009187469
Trad / Ricoh	CTCLNI	0.009187469
Trad / Ricoh	DEALB	0.009187469
Trad / Ricoh	DEALC	0.009187469
Trad / Ricoh	DEALM	0.009187469
Trad / Ricoh	DEASEC	0.009187469
Trad / Ricoh	DEBSEC	0.009187469
Trad / Ricoh	DELTA	0.009187469
Trad / Ricoh	DLASEC	0.009187469
Trad / Ricoh	DLBSEC	0.009187469
Trad / Ricoh	DLCSEC	0.009187469
Trad / Ricoh	ESKYNI	0.009187469
Trad / Ricoh	ETPSEC	0.009187469
Trad / Ricoh	ETXSEC	0.009187469
Trad / Ricoh	EXESEC	0.009187469
Trad / Ricoh	IFS9	0.009187469
Trad / Ricoh	IFSEST	0.009187469
Trad / Ricoh	INASEC	0.009187469
Trad / Ricoh	KO6SEC	0.009187469
Trad / Ricoh	KONDLR	0.009187469
Trad / Ricoh	LEASAM	0.009187469
Trad / Ricoh	LEASAM	0.009187469
Trad / Ricoh	LIQUID	0.009187469
Trad / Ricoh	LIQUID	0.009187469
Trad / Ricoh	MANFM	0.009187469
Trad / Ricoh	MANFM	0.009187469
Trad / Ricoh	MEGA	0.009187469
Trad / Ricoh	MEGSEC	0.009187469
Trad / Ricoh	MEGTAC	0.009187469
Trad / Ricoh	MGASEC	0.009187469
Trad / Ricoh	MGGSEC	0.009187469
Trad / Ricoh	MGSEC	0.009187469
Trad / Ricoh	MGTSEC	0.009187469
Trad / Ricoh	MOBRG	0.009187469
Trad / Ricoh	MOBRNI	0.009187469
Trad / Ricoh	MOBRNI	0.009187469
Trad / Ricoh	NONSTR	0.009187469
Trad / Ricoh	NONSTR	0.009187469
Trad / Ricoh	NTDSEC	0.009187469
Trad / Ricoh	OEGSEC	0.009187469
Trad / Ricoh	OEGTAC	0.009187469
Trad / Ricoh	OFFSEC	0.009187469
Trad / Ricoh	PRFLEA	0.009187469
Trad / Ricoh	PRLEA9	0.009187469
Trad / Ricoh	RCRNI	0.009187469
Trad / Ricoh	RCRNI2	0.009187469
Trad / Ricoh	RCRNI9	0.009187469
Trad / Ricoh	RD4SEC	0.009187469
Trad / Ricoh	RETAIL	0.009187469
Trad / Ricoh	RETAIL	0.009187469
Trad / Ricoh	S5KSEC	0.009187469
Trad / Ricoh	S6PSEC	0.009187469
Trad / Ricoh	S6RSEC	0.009187469
Trad / Ricoh	SA4SEC	0.009187469
Trad / Ricoh	SB4SEC	0.009187469
Trad / Ricoh	SH7SEC	0.009187469
Trad / Ricoh	SH8SEC	0.009187469
Trad / Ricoh	SHACSZ	0.009187469
Trad / Ricoh	SHARP	0.009187469
Trad / Ricoh	SHARPB	0.009187469
Trad / Ricoh	SHBSEC	0.009187469
Trad / Ricoh	SHPSEC	0.009187469
Trad / Ricoh	SHRSEC	0.009187469
Trad / Ricoh	SOUTOP	0.009187469
Trad / Ricoh	SOUTOP	0.009187469
Trad / Ricoh	SPBSEC	0.009187469
Trad / Ricoh	SQ8SEC	0.009187469
Trad / Ricoh	SRPSEC	0.009187469
Trad / Ricoh	T5ASEC	0.009187469
Trad / Ricoh	T5CSEC	0.009187469
Trad / Ricoh	T5FSEC	0.009187469
Trad / Ricoh	T5TSEC	0.009187469
Trad / Ricoh	TA4SEC	0.009187469
Trad / Ricoh	TA8SEC	0.009187469
Trad / Ricoh	TACSEC	0.009187469
Trad / Ricoh	TADSEC	0.009187469
Trad / Ricoh	TC4SEC	0.009187469
Trad / Ricoh	TD4SEC	0.009187469
Trad / Ricoh	TDDSEC	0.009187469
Trad / Ricoh	TDRSEC	0.009187469
Trad / Ricoh	TDSEC	0.009187469
Trad / Ricoh	TDTSEC	0.009187469
Trad / Ricoh	TK8SEC	0.009187469
Trad / Ricoh	TR7SEC	0.009187469
Trad / Ricoh	TR8SEC	0.009187469
Trad / Ricoh	TRACSZ	0.009187469
Trad / Ricoh	TRAD	0.009187469
Trad / Ricoh	TRASEC	0.009187469
Trad / Ricoh	TRCSEC	0.009187469
Trad / Ricoh	TRDCSZ	0.009187469
Trad / Ricoh	TRDSEC	0.009187469
Trad / Ricoh	TRDTAC	0.009187469
Trad / Ricoh	TRRSEC	0.009187469
Trad / Ricoh	TRSEC	0.009187469
Trad / Ricoh	TRTSEC	0.009187469
Trad / Ricoh	TTCSEC	0.009187469
Trad / Ricoh	TTSEC	0.009187469
Trad / Ricoh	TW8SEC	0.009187469
Trad / Ricoh	UMGSEC	0.009187469
Trad / Ricoh	USAMXP	0.009187469
Trad / Ricoh	USASEC	0.009187469
Trad / Ricoh	USCSEC	0.009187469
Trad / Ricoh	USDELB	0.009187469
Trad / Ricoh	USDELC	0.009187469
Trad / Ricoh	USDSEC	0.009187469
Trad / Ricoh	USMTAC	0.009187469
Trad / Ricoh	USSEC	0.009187469
Trad / Ricoh	USSHRP	0.009187469
Trad / Ricoh	USTRAD	0.009187469
Trad / Ricoh	USTTAC	0.009187469
Trad / Ricoh	UTDSEC	0.009187469
Trad / Ricoh	UTRSEC	0.009187469
Trad / Ricoh	VEHICL	0.009187469
Trad / Ricoh	VNESEC	0.009187469
Trad / Ricoh	VSESEC	0.009187469
Trad / Ricoh	WILSEC	0.009187469
Trad / Ricoh	X5ESEC	0.009187469
Trad / Ricoh	XE4SEC	0.009187469
Trad / Ricoh	XERCSZ	0.009187469
Trad / Ricoh	XEROX	0.009187469
Trad / Ricoh	XERSEC	0.009187469
Trad / Ricoh	XR4SEC	0.009187469
Trad / Ricoh	XR7SEC	0.009187469
Trad / Ricoh	XR8SEC	0.009187469
Trad / Ricoh	XRSEC	0.009187469
Trad / Ricoh	XRXSEC	0.009187469
Trad / Ricoh	XTRAD	0.009187469
Trad / Ricoh	XTRSEC	0.009187469
Trad / Ricoh	XX8SEC	0.009187469
Trad / Ricoh	D52CSZ	0.009187469
Trad / Ricoh	K60CSZ	0.009187469
Trad / Ricoh	KO6CSZ	0.009187469
Trad / Ricoh	M63CSZ	0.009187469
Trad / Ricoh	S54CSZ	0.009187469
Trad / Ricoh	A63CSZ	0.009187469
Trad / Ricoh	S61CSZ	0.009187469
Trad / Ricoh	T50CSZ	0.009187469
Trad / Ricoh	A71CSZ	0.009187469
Trad / Ricoh	T51CSZ	0.009187469
Trad / Ricoh	A72CSZ	0.009187469
Trad / Ricoh	X50CSZ	0.009187469
Trad / Ricoh	A87CSZ	0.009187469
Trad / Ricoh	X60CSZ	0.009187469
Trad / Ricoh	S91CSZ	0.009187469
Trad / Ricoh	S92CSZ	0.009187469
Trad / Ricoh	T81CSZ	0.009187469
Trad / Ricoh	T91CSZ	0.009187469
Trad / Ricoh	SVDSEC	0.009187469
Trad / Ricoh	SA1SEC	0.009187469
Trad / Ricoh	RI1SEC	0.009187469
Trad / Ricoh	TR1SEC	0.009187469
Woodworking	CSWOOD	0.027264864
Woodworking	CSOSEC	0.027264864
YH Lease/Loan	BARLOW	0.008329649
YH Lease/Loan	BWFLCV	0.008329649
YH Lease/Loan	DDFSNI	0.008329649
YH Lease/Loan	DFSREC	0.008329649
YH Lease/Loan	DFSSYN	0.008329649
YH Lease/Loan	HYSSDP	0.008329649
YH Lease/Loan	HYSSYN	0.008329649
YH Lease/Loan	HYSTEC	0.008329649
YH Lease/Loan	HYSTER	0.008329649
YH Lease/Loan	YALE	0.008329649
YH Lease/Loan	YALEC	0.008329649
YH Lease/Loan	YALEPC	0.008329649
YH Lease/Loan	YALEPR	0.008329649
YH Lease/Loan	YALERT	0.008329649
YH Lease/Loan	YALHYS	0.008329649
YH Lease/Loan	YALSYN	0.008329649
YH Lease/Loan	YLEREC	0.008329649
YH Lease/Loan	YLEREG	0.008329649
YH Lease/Loan	BLWSYN	0.008329649